Attributes,Adj Close,Close,High,Low,Open,Volume
Symbols,AAPL,AAPL,AAPL,AAPL,AAPL,AAPL
Date,,,,,,
2020-01-02,73.78591918945312,75.0875015258789,75.1500015258789,73.79750061035156,74.05999755859375,135480400.0
2020-01-03,73.06855773925781,74.35749816894531,75.1449966430664,74.125,74.2874984741211,146322800.0
2020-01-06,73.65079498291016,74.94999694824219,74.98999786376953,73.1875,73.44750213623047,118387200.0
2020-01-07,73.30441284179688,74.59750366210938,75.2249984741211,74.37000274658203,74.95999908447266,108872000.0
2020-01-08,74.48361206054688,75.79750061035156,76.11000061035156,74.29000091552734,74.29000091552734,132079200.0
2020-01-09,76.06570434570312,77.40750122070312,77.60749816894531,76.55000305175781,76.80999755859375,170108400.0
2020-01-10,76.23766326904297,77.5824966430664,78.1675033569336,77.0625,77.6500015258789,140644800.0
2020-01-13,77.86642456054688,79.23999786376953,79.26750183105469,77.7874984741211,77.91000366210938,121532000.0
2020-01-14,76.81497955322266,78.16999816894531,79.39250183105469,78.0425033569336,79.17500305175781,161954400.0
2020-01-15,76.48579406738281,77.83499908447266,78.875,77.38749694824219,77.9625015258789,121923600.0
2020-01-16,77.44387817382812,78.80999755859375,78.92500305175781,78.02249908447266,78.39749908447266,108829200.0
2020-01-17,78.30126953125,79.68250274658203,79.68499755859375,78.75,79.06749725341797,137816400.0
2020-01-21,77.77062225341797,79.14250183105469,79.75499725341797,79.0,79.29750061035156,110843200.0
2020-01-22,78.04822540283203,79.42500305175781,79.99749755859375,79.32749938964844,79.6449966430664,101832400.0
2020-01-23,78.4240951538086,79.80750274658203,79.88999938964844,78.9124984741211,79.4800033569336,104472000.0
2020-01-24,78.19808197021484,79.57749938964844,80.8324966430664,79.37999725341797,80.0625,146537600.0
2020-01-27,75.89863586425781,77.23750305175781,77.94249725341797,76.22000122070312,77.51499938964844,161940000.0
2020-01-28,78.04576873779297,79.42250061035156,79.5999984741211,78.04750061035156,78.1500015258789,162234000.0
2020-01-29,79.679443359375,81.08499908447266,81.9625015258789,80.34500122070312,81.11250305175781,216229200.0
2020-01-30,79.56399536132812,80.96749877929688,81.02249908447266,79.6875,80.13500213623047,126743200.0
2020-01-31,76.0362319946289,77.37750244140625,80.66999816894531,77.07250213623047,80.23249816894531,199588400.0
2020-02-03,75.82740783691406,77.16500091552734,78.37249755859375,75.55500030517578,76.07499694824219,173788400.0
2020-02-04,78.33074951171875,79.7125015258789,79.91000366210938,78.40750122070312,78.82749938964844,136616400.0
2020-02-05,78.969482421875,80.36250305175781,81.19000244140625,79.73750305175781,80.87999725341797,118826800.0
2020-02-06,79.8931884765625,81.30249786376953,81.30500030517578,80.06500244140625,80.64250183105469,105425600.0
2020-02-07,78.8072280883789,80.00749969482422,80.8499984741211,79.5,80.59249877929688,117684000.0
2020-02-10,79.1815185546875,80.38749694824219,80.38749694824219,78.4625015258789,78.54499816894531,109348800.0
2020-02-11,78.70378875732422,79.90249633789062,80.9749984741211,79.67749786376953,80.9000015258789,94323200.0
2020-02-12,80.57283020019531,81.80000305175781,81.80500030517578,80.36750030517578,80.36750030517578,113730400.0
2020-02-13,79.99906921386719,81.21749877929688,81.55500030517578,80.8375015258789,81.04750061035156,94747600.0
2020-02-14,80.01876068115234,81.23750305175781,81.49500274658203,80.7125015258789,81.18499755859375,80113600.0
2020-02-18,78.55358123779297,79.75,79.9375,78.65249633789062,78.83999633789062,152531200.0
2020-02-19,79.6912612915039,80.90499877929688,81.14250183105469,80.0,80.0,93984000.0
2020-02-20,78.87370300292969,80.07499694824219,81.1624984741211,79.55249786376953,80.65750122070312,100566000.0
2020-02-21,77.08839416503906,78.26249694824219,80.11250305175781,77.625,79.65499877929688,129554000.0
2020-02-24,73.4266586303711,74.54499816894531,76.04499816894531,72.30750274658203,74.31500244140625,222195200.0
2020-02-25,70.9395523071289,72.0199966430664,75.63249969482422,71.53250122070312,75.23750305175781,230673600.0
2020-02-26,72.06489562988281,73.1624984741211,74.47000122070312,71.625,71.63249969482422,198054800.0
2020-02-27,67.3541488647461,68.37999725341797,71.5,68.23999786376953,70.2750015258789,320605600.0
2020-02-28,67.31475830078125,68.33999633789062,69.60250091552734,64.09249877929688,64.31500244140625,426510000.0
2020-03-02,73.58179473876953,74.70249938964844,75.36000061035156,69.43000030517578,70.56999969482422,341397200.0
2020-03-03,71.24490356445312,72.33000183105469,76.0,71.44999694824219,75.9175033569336,319475600.0
2020-03-04,74.549560546875,75.68499755859375,75.8499984741211,73.28250122070312,74.11000061035156,219178400.0
2020-03-05,72.13140869140625,73.2300033569336,74.88749694824219,72.85250091552734,73.87999725341797,187572800.0
2020-03-06,71.1734848022461,72.25749969482422,72.70500183105469,70.30750274658203,70.5,226176800.0
2020-03-09,65.54422760009766,66.5425033569336,69.52249908447266,65.75,65.9375,286744800.0
2020-03-10,70.26482391357422,71.33499908447266,71.61000061035156,67.34249877929688,69.28500366210938,285290000.0
2020-03-11,67.82450103759766,68.85749816894531,70.30500030517578,67.96499633789062,69.34750366210938,255598800.0
2020-03-12,61.12650680541992,62.057498931884766,67.5,62.0,63.98500061035156,418474000.0
2020-03-13,68.4499740600586,69.49250030517578,69.9800033569336,63.23749923706055,66.22250366210938,370732000.0
2020-03-16,59.64408874511719,60.5525016784668,64.7699966430664,60.0,60.48749923706055,322423600.0
2020-03-17,62.26664352416992,63.21500015258789,64.40249633789062,59.599998474121094,61.877498626708984,324056000.0
2020-03-18,60.74235534667969,61.66749954223633,62.5,59.279998779296875,59.942501068115234,300233600.0
2020-03-19,60.276947021484375,61.19499969482422,63.209999084472656,60.65250015258789,61.84749984741211,271857200.0
2020-03-20,56.450233459472656,57.310001373291016,62.95750045776367,57.0,61.79499816894531,401693200.0
2020-03-23,55.25099182128906,56.092498779296875,57.125,53.15250015258789,57.02000045776367,336752800.0
2020-03-24,60.794071197509766,61.720001220703125,61.92250061035156,58.57500076293945,59.09000015258789,287531200.0
2020-03-25,60.45916748046875,61.380001068115234,64.5625,61.07500076293945,62.6875,303602000.0
2020-03-26,63.640708923339844,64.61000061035156,64.66999816894531,61.59000015258789,61.630001068115234,252087200.0
2020-03-27,61.00584411621094,61.935001373291016,63.967498779296875,61.76250076293945,63.1875,204216800.0
2020-03-30,62.746829986572266,63.70249938964844,63.880001068115234,62.349998474121094,62.685001373291016,167976400.0
2020-03-31,62.6187744140625,63.5724983215332,65.62249755859375,63.0,63.900001525878906,197002000.0
2020-04-01,59.32395935058594,60.227500915527344,62.18000030517578,59.782501220703125,61.625,176218400.0
2020-04-02,60.31388473510742,61.23249816894531,61.287498474121094,59.224998474121094,60.084999084472656,165934000.0
2020-04-03,59.447078704833984,60.352500915527344,61.42499923706055,59.74250030517578,60.70000076293945,129880000.0
2020-04-06,64.63310241699219,65.61750030517578,65.77749633789062,62.345001220703125,62.724998474121094,201820400.0
2020-04-07,63.88450622558594,64.85749816894531,67.92500305175781,64.75,67.69999694824219,202887200.0
2020-04-08,65.51960754394531,66.51750183105469,66.84249877929688,65.30750274658203,65.68499755859375,168895200.0
2020-04-09,65.99240112304688,66.99749755859375,67.51750183105469,66.17500305175781,67.17500305175781,161834800.0
2020-04-13,67.28765869140625,68.3125,68.42500305175781,66.4574966430664,67.07749938964844,131022800.0
2020-04-14,70.68590545654297,71.76249694824219,72.0625,69.51249694824219,70.0,194994800.0
2020-04-15,70.0407485961914,71.10749816894531,71.5824966430664,70.15750122070312,70.5999984741211,131154400.0
2020-04-16,70.5972671508789,71.67250061035156,72.05000305175781,70.5875015258789,71.84500122070312,157125200.0
2020-04-17,69.63935852050781,70.69999694824219,71.73750305175781,69.21499633789062,71.17250061035156,215250000.0
2020-04-20,68.1938705444336,69.23249816894531,70.41999816894531,69.2125015258789,69.48750305175781,130015200.0
2020-04-21,66.08596801757812,67.09249877929688,69.3125,66.35749816894531,69.06999969482422,180991600.0
2020-04-22,67.9894790649414,69.0250015258789,69.4749984741211,68.05000305175781,68.40249633789062,116862400.0
2020-04-23,67.72599029541016,68.75749969482422,70.4375,68.71749877929688,68.96749877929688,124814400.0
2020-04-24,69.68122100830078,70.74250030517578,70.75250244140625,69.25,69.30000305175781,126161200.0
2020-04-27,69.73046875,70.7925033569336,71.13500213623047,69.98750305175781,70.44999694824219,117087600.0
2020-04-28,68.60017395019531,69.6449966430664,71.4574966430664,69.55000305175781,71.2699966430664,112004800.0
2020-04-29,70.85335540771484,71.93250274658203,72.4175033569336,70.97250366210938,71.18250274658203,137280800.0
2020-04-30,72.34808349609375,73.44999694824219,73.63249969482422,72.0875015258789,72.48999786376953,183064000.0
2020-05-01,71.18334197998047,72.26750183105469,74.75,71.4625015258789,71.5625,240616800.0
2020-05-04,72.19048309326172,73.29000091552734,73.42250061035156,71.58000183105469,72.2925033569336,133568000.0
2020-05-05,73.27399444580078,74.38999938964844,75.25,73.61499786376953,73.76499938964844,147751200.0
2020-05-06,74.02996826171875,75.15750122070312,75.80999755859375,74.71749877929688,75.11499786376953,142333600.0
2020-05-07,74.79581451416016,75.93499755859375,76.2925033569336,75.49250030517578,75.80500030517578,115215200.0
2020-05-08,76.57608032226562,77.53250122070312,77.5875015258789,76.07250213623047,76.41000366210938,133838400.0
2020-05-11,77.78103637695312,78.75250244140625,79.26249694824219,76.80999755859375,77.0250015258789,145946400.0
2020-05-12,76.89213562011719,77.85250091552734,79.92250061035156,77.72750091552734,79.4574966430664,162301200.0
2020-05-13,75.96373748779297,76.9124984741211,78.98750305175781,75.80249786376953,78.0374984741211,200622400.0
2020-05-14,76.4303970336914,77.38500213623047,77.44750213623047,75.38249969482422,76.12750244140625,158929200.0
2020-05-15,75.97854614257812,76.92749786376953,76.9749984741211,75.05249786376953,75.0875015258789,166348400.0
2020-05-18,77.76868438720703,78.73999786376953,79.125,77.58000183105469,78.2925033569336,135178400.0
2020-05-19,77.31930541992188,78.28500366210938,79.62999725341797,78.25250244140625,78.75749969482422,101729600.0
2020-05-20,78.82301330566406,79.80750274658203,79.87999725341797,79.12999725341797,79.16999816894531,111504800.0
2020-05-21,78.23535919189453,79.2125015258789,80.22250366210938,78.96749877929688,79.66500091552734,102688800.0
2020-05-22,78.73907470703125,79.72250366210938,79.80750274658203,78.8375015258789,78.94249725341797,81803200.0
2020-05-26,78.20572662353516,79.18250274658203,81.05999755859375,79.125,80.875,125522000.0
2020-05-27,78.54647064208984,79.52749633789062,79.67749786376953,78.27249908447266,79.03500366210938,112945200.0
2020-05-28,78.5810317993164,79.5625,80.86000061035156,78.90750122070312,79.19249725341797,133560800.0
2020-05-29,78.5044937133789,79.48500061035156,80.2874984741211,79.11750030517578,79.8125,153532400.0
2020-06-01,79.46994018554688,80.4625015258789,80.5875015258789,79.30249786376953,79.4375,80791200.0
2020-06-02,79.83783721923828,80.83499908447266,80.86000061035156,79.73249816894531,80.1875,87642800.0
2020-06-03,80.27733612060547,81.27999877929688,81.55000305175781,80.57499694824219,81.16500091552734,104491200.0
2020-06-04,79.58599090576172,80.58000183105469,81.40499877929688,80.19499969482422,81.09750366210938,87560400.0
2020-06-05,81.85266876220703,82.875,82.9375,80.80750274658203,80.8375015258789,137250400.0
2020-06-08,82.33662414550781,83.36499786376953,83.4000015258789,81.83000183105469,82.5625,95654400.0
2020-06-09,84.93665313720703,85.99749755859375,86.40249633789062,83.00250244140625,83.03500366210938,147712400.0
2020-06-10,87.12186431884766,88.20999908447266,88.69249725341797,86.52249908447266,86.9749984741211,166651600.0
2020-06-11,82.93910217285156,83.9749984741211,87.76499938964844,83.87000274658203,87.32749938964844,201662400.0
2020-06-12,83.6551513671875,84.69999694824219,86.94999694824219,83.55500030517578,86.18000030517578,200146000.0
2020-06-15,84.68973541259766,85.74749755859375,86.41999816894531,83.1449966430664,83.3125,138808800.0
2020-06-16,86.93421173095703,88.0199966430664,88.30000305175781,86.18000030517578,87.86499786376953,165428800.0
2020-06-17,86.81321716308594,87.89749908447266,88.8499984741211,87.77249908447266,88.7874984741211,114406400.0
2020-06-18,86.8478012084961,87.93250274658203,88.36250305175781,87.30500030517578,87.85250091552734,96820400.0
2020-06-19,86.35147857666016,87.43000030517578,89.13999938964844,86.2874984741211,88.66000366210938,264476000.0
2020-06-22,88.61077117919922,89.71749877929688,89.86499786376953,87.7874984741211,87.83499908447266,135445200.0
2020-06-23,90.50213623046875,91.63249969482422,93.09500122070312,90.56749725341797,91.0,212155600.0
2020-06-24,88.90460205078125,90.01499938964844,92.19750213623047,89.62999725341797,91.25,192623200.0
2020-06-25,90.0848617553711,91.20999908447266,91.25,89.39250183105469,90.17500305175781,137522400.0
2020-06-26,87.31692504882812,88.40750122070312,91.33000183105469,88.25499725341797,91.10250091552734,205256800.0
2020-06-29,89.32930755615234,90.44499969482422,90.5425033569336,87.81999969482422,88.3125,130646000.0
2020-06-30,90.07498168945312,91.19999694824219,91.49500274658203,90.0,90.0199966430664,140223200.0
2020-07-01,89.90460205078125,91.02749633789062,91.83999633789062,90.97750091552734,91.27999877929688,110737200.0
2020-07-02,89.90460205078125,91.02749633789062,92.61750030517578,90.91000366210938,91.9625015258789,114041600.0
2020-07-06,92.30957794189453,93.4625015258789,93.94499969482422,92.46749877929688,92.5,118655600.0
2020-07-07,92.02314758300781,93.17250061035156,94.65499877929688,93.05750274658203,93.85250091552734,112424400.0
2020-07-08,94.16637420654297,95.34249877929688,95.375,94.08999633789062,94.18000030517578,117092000.0
2020-07-09,94.57132720947266,95.75250244140625,96.31749725341797,94.67250061035156,96.26249694824219,125642800.0
2020-07-10,94.73675537109375,95.91999816894531,95.9800033569336,94.70500183105469,95.33499908447266,90257200.0
2020-07-13,94.29971313476562,95.47750091552734,99.95500183105469,95.25749969482422,97.26499938964844,191649200.0
2020-07-14,95.86022186279297,97.05750274658203,97.25499725341797,93.87750244140625,94.83999633789062,170989200.0
2020-07-15,96.51950073242188,97.7249984741211,99.24749755859375,96.48999786376953,98.98999786376953,153198000.0
2020-07-16,95.33182525634766,96.52249908447266,97.40499877929688,95.90499877929688,96.5625,110577600.0
2020-07-17,95.13922882080078,96.32749938964844,97.14749908447266,95.83999633789062,96.98750305175781,92186800.0
2020-07-20,97.1441879272461,98.35749816894531,98.5,96.0625,96.4175033569336,90318000.0
2020-07-21,95.80342864990234,97.0,99.25,96.74250030517578,99.17250061035156,103433200.0
2020-07-22,96.07257080078125,97.27249908447266,97.9749984741211,96.60250091552734,96.69249725341797,89001600.0
2020-07-23,91.69969177246094,92.84500122070312,97.07749938964844,92.01000213623047,96.99749755859375,197004400.0
2020-07-24,91.4725341796875,92.61499786376953,92.97000122070312,89.1449966430664,90.98750305175781,185438800.0
2020-07-27,93.64044952392578,94.80999755859375,94.90499877929688,93.4800033569336,93.70999908447266,121214000.0
2020-07-28,92.10215759277344,93.25250244140625,94.55000305175781,93.24749755859375,94.36750030517578,103625600.0
2020-07-29,93.86761474609375,95.04000091552734,95.2300033569336,93.7125015258789,93.75,90329200.0
2020-07-30,95.00342559814453,96.19000244140625,96.29750061035156,93.76750183105469,94.1875,158130000.0
2020-07-31,104.94921112060547,106.26000213623047,106.41500091552734,100.82499694824219,102.88500213623047,374336800.0
2020-08-03,107.59367370605469,108.9375,111.63749694824219,107.89250183105469,108.19999694824219,308151200.0
2020-08-04,108.31219482421875,109.66500091552734,110.79000091552734,108.38749694824219,109.13249969482422,173071600.0
2020-08-05,108.70479583740234,110.0625,110.39250183105469,108.89749908447266,109.37750244140625,121776800.0
2020-08-06,112.49742126464844,113.90249633789062,114.4124984741211,109.79750061035156,110.40499877929688,202428800.0
2020-08-07,109.93971252441406,111.11250305175781,113.67500305175781,110.2925033569336,113.20500183105469,198045600.0
2020-08-10,111.53765869140625,112.72750091552734,113.7750015258789,110.0,112.5999984741211,212403600.0
2020-08-11,108.22055053710938,109.375,112.48249816894531,109.10749816894531,111.97000122070312,187902400.0
2020-08-12,111.81719207763672,113.01000213623047,113.2750015258789,110.29750061035156,110.49749755859375,165598000.0
2020-08-13,113.79607391357422,115.01000213623047,116.0425033569336,113.92749786376953,114.43000030517578,210082000.0
2020-08-14,113.69467163085938,114.90750122070312,115.0,113.04499816894531,114.83000183105469,165565200.0
2020-08-17,113.39781951904297,114.60749816894531,116.0875015258789,113.9625015258789,116.0625,119561600.0
2020-08-18,114.34274291992188,115.5625,116.0,114.00749969482422,114.35250091552734,105633600.0
2020-08-19,114.4862060546875,115.7074966430664,117.1624984741211,115.61000061035156,115.98249816894531,145538000.0
2020-08-20,117.026611328125,118.2750015258789,118.39250183105469,115.73249816894531,115.75,126907200.0
2020-08-21,123.05728149414062,124.37000274658203,124.86750030517578,119.25,119.26249694824219,338054800.0
2020-08-24,124.5290756225586,125.85749816894531,128.78500366210938,123.9375,128.69749450683594,345937600.0
2020-08-25,123.50747680664062,124.82499694824219,125.18000030517578,123.05249786376953,124.69750213623047,211495600.0
2020-08-26,125.18704986572266,126.52249908447266,126.99250030517578,125.0824966430664,126.18000030517578,163022400.0
2020-08-27,123.6905288696289,125.01000213623047,127.48500061035156,123.8324966430664,127.14250183105469,155552400.0
2020-08-28,123.49016571044922,124.80750274658203,126.44249725341797,124.57749938964844,126.01249694824219,187630000.0
2020-08-31,127.677978515625,129.0399932861328,131.0,126.0,127.58000183105469,225702700.0
2020-09-01,132.7637176513672,134.17999267578125,134.8000030517578,130.52999877929688,132.75999450683594,151948100.0
2020-09-02,130.01307678222656,131.39999389648438,137.97999572753906,127.0,137.58999633789062,200119000.0
2020-09-03,119.6041030883789,120.87999725341797,128.83999633789062,120.5,126.91000366210938,257599600.0
2020-09-04,119.68326568603516,120.95999908447266,123.69999694824219,110.88999938964844,120.06999969482422,332607200.0
2020-09-08,111.62918853759766,112.81999969482422,118.98999786376953,112.68000030517578,113.94999694824219,231366600.0
2020-09-09,116.0816879272461,117.31999969482422,119.13999938964844,115.26000213623047,117.26000213623047,176940500.0
2020-09-10,112.29212188720703,113.48999786376953,120.5,112.5,120.36000061035156,182274400.0
2020-09-11,110.81783294677734,112.0,115.2300033569336,110.0,114.56999969482422,180860300.0
2020-09-14,114.14237976074219,115.36000061035156,115.93000030517578,112.80000305175781,114.72000122070312,140150100.0
2020-09-15,114.32048034667969,115.54000091552734,118.83000183105469,113.61000061035156,118.33000183105469,184642000.0
2020-09-16,110.94647979736328,112.12999725341797,116.0,112.04000091552734,115.2300033569336,154679000.0
2020-09-17,109.17536926269531,110.33999633789062,112.19999694824219,108.70999908447266,109.72000122070312,178011000.0
2020-09-18,105.7123031616211,106.83999633789062,110.87999725341797,106.08999633789062,110.4000015258789,287104900.0
2020-09-21,108.9181137084961,110.08000183105469,110.19000244140625,103.0999984741211,104.54000091552734,195713800.0
2020-09-22,110.62984466552734,111.80999755859375,112.86000061035156,109.16000366210938,112.68000030517578,183055400.0
2020-09-23,105.9893569946289,107.12000274658203,112.11000061035156,106.7699966430664,111.62000274658203,150718700.0
2020-09-24,107.07774353027344,108.22000122070312,110.25,105.0,105.16999816894531,167743300.0
2020-09-25,111.09488677978516,112.27999877929688,112.44000244140625,107.66999816894531,108.43000030517578,149981400.0
2020-09-28,113.74659729003906,114.95999908447266,115.31999969482422,112.77999877929688,115.01000213623047,137672400.0
2020-09-29,112.88578033447266,114.08999633789062,115.30999755859375,113.56999969482422,114.55000305175781,99382200.0
2020-09-30,114.58763122558594,115.80999755859375,117.26000213623047,113.62000274658203,113.79000091552734,142675200.0
2020-10-01,115.55729675292969,116.79000091552734,117.72000122070312,115.83000183105469,117.63999938964844,116120400.0
2020-10-02,111.82707977294922,113.0199966430664,115.37000274658203,112.22000122070312,112.88999938964844,144712000.0
2020-10-05,115.27033996582031,116.5,116.6500015258789,113.55000305175781,113.91000366210938,106243800.0
2020-10-06,111.96560668945312,113.16000366210938,116.12000274658203,112.25,115.69999694824219,161498200.0
2020-10-07,113.86534118652344,115.08000183105469,115.55000305175781,114.12999725341797,114.62000274658203,96849000.0
2020-10-08,113.75650024414062,114.97000122070312,116.4000015258789,114.58999633789062,116.25,83477200.0
2020-10-09,115.7353744506836,116.97000122070312,117.0,114.91999816894531,115.27999877929688,100506900.0
2020-10-12,123.08695983886719,124.4000015258789,125.18000030517578,119.27999877929688,120.05999755859375,240226800.0
2020-10-13,119.82178497314453,121.0999984741211,125.38999938964844,119.6500015258789,125.2699966430664,262330500.0
2020-10-14,119.91085052490234,121.19000244140625,123.02999877929688,119.62000274658203,121.0,150712000.0
2020-10-15,119.4359130859375,120.70999908447266,121.19999694824219,118.1500015258789,118.72000122070312,112559200.0
2020-10-16,117.76374053955078,119.0199966430664,121.55000305175781,118.80999755859375,121.27999877929688,115393800.0
2020-10-19,114.7558364868164,115.9800033569336,120.41999816894531,115.66000366210938,119.95999908447266,120639300.0
2020-10-20,116.26969146728516,117.51000213623047,118.9800033569336,115.62999725341797,116.19999694824219,124423700.0
2020-10-21,115.63643646240234,116.87000274658203,118.70999908447266,116.44999694824219,116.66999816894531,89946000.0
2020-10-22,114.52825927734375,115.75,118.04000091552734,114.58999633789062,117.44999694824219,101988000.0
2020-10-23,113.82576751708984,115.04000091552734,116.55000305175781,114.27999877929688,116.38999938964844,82572600.0
2020-10-26,113.83565521240234,115.05000305175781,116.55000305175781,112.87999725341797,114.01000213623047,111850700.0
2020-10-27,115.36929321289062,116.5999984741211,117.27999877929688,114.54000091552734,115.48999786376953,92276800.0
2020-10-28,110.02629089355469,111.19999694824219,115.43000030517578,111.0999984741211,115.05000305175781,143937800.0
2020-10-29,114.1028060913086,115.31999969482422,116.93000030517578,112.19999694824219,112.37000274658203,146129200.0
2020-10-30,107.71097564697266,108.86000061035156,111.98999786376953,107.72000122070312,111.05999755859375,190272600.0
2020-11-02,107.62194061279297,108.7699966430664,110.68000030517578,107.31999969482422,109.11000061035156,122866900.0
2020-11-03,109.27430725097656,110.44000244140625,111.48999786376953,108.7300033569336,109.66000366210938,107624400.0
2020-11-04,113.73670196533203,114.94999694824219,115.58999633789062,112.3499984741211,114.13999938964844,138235500.0
2020-11-05,117.77364349365234,119.02999877929688,119.62000274658203,116.87000274658203,117.94999694824219,126387100.0
2020-11-06,117.63983917236328,118.69000244140625,119.19999694824219,116.12999725341797,118.31999969482422,114457900.0
2020-11-09,115.29080963134766,116.31999969482422,121.98999786376953,116.05000305175781,120.5,154515300.0
2020-11-10,114.94390869140625,115.97000122070312,117.58999633789062,114.12999725341797,115.55000305175781,138023400.0
2020-11-11,118.43275451660156,119.48999786376953,119.62999725341797,116.44000244140625,117.19000244140625,112295000.0
2020-11-12,118.1552505493164,119.20999908447266,120.52999877929688,118.56999969482422,119.62000274658203,103162300.0
2020-11-13,118.20479583740234,119.26000213623047,119.66999816894531,117.87000274658203,119.44000244140625,81581900.0
2020-11-16,119.235595703125,120.30000305175781,120.98999786376953,118.1500015258789,118.91999816894531,91183000.0
2020-11-17,118.33364868164062,119.38999938964844,120.66999816894531,118.95999908447266,119.55000305175781,74271000.0
2020-11-18,116.98567962646484,118.02999877929688,119.81999969482422,118.0,118.61000061035156,76322100.0
2020-11-19,117.59029388427734,118.63999938964844,119.05999755859375,116.80999755859375,117.58999633789062,74113000.0
2020-11-20,116.30177307128906,117.33999633789062,118.7699966430664,117.29000091552734,118.63999938964844,73604300.0
2020-11-23,112.84265899658203,113.8499984741211,117.62000274658203,113.75,117.18000030517578,127959300.0
2020-11-24,114.1509780883789,115.16999816894531,115.8499984741211,112.58999633789062,113.91000366210938,113874200.0
2020-11-25,115.00336456298828,116.02999877929688,116.75,115.16999816894531,115.55000305175781,76499200.0
2020-11-27,115.55841064453125,116.58999633789062,117.48999786376953,116.22000122070312,116.56999969482422,46691300.0
2020-11-30,117.99665069580078,119.05000305175781,120.97000122070312,116.80999755859375,116.97000122070312,169410200.0
2020-12-01,121.63419342041016,122.72000122070312,123.47000122070312,120.01000213623047,121.01000213623047,127728200.0
2020-12-02,121.9909896850586,123.08000183105469,123.37000274658203,120.88999938964844,122.0199966430664,89004200.0
2020-12-03,121.85224151611328,122.94000244140625,123.77999877929688,122.20999908447266,123.5199966430664,78967600.0
2020-12-04,121.16834259033203,122.25,122.86000061035156,121.5199966430664,122.5999984741211,78260400.0
2020-12-07,122.65507507324219,123.75,124.56999969482422,122.25,122.30999755859375,86712000.0
2020-12-08,123.27948760986328,124.37999725341797,124.9800033569336,123.08999633789062,124.37000274658203,82225500.0
2020-12-09,120.70249938964844,121.77999877929688,125.94999694824219,121.0,124.52999877929688,115089200.0
2020-12-10,122.14958190917969,123.23999786376953,123.87000274658203,120.1500015258789,120.5,81312200.0
2020-12-11,121.3269271850586,122.41000366210938,122.76000213623047,120.55000305175781,122.43000030517578,86939800.0
2020-12-14,120.70249938964844,121.77999877929688,123.3499984741211,121.54000091552734,122.5999984741211,79184500.0
2020-12-15,126.74852752685547,127.87999725341797,127.9000015258789,124.12999725341797,124.33999633789062,157243700.0
2020-12-16,126.67913055419922,127.80999755859375,128.3699951171875,126.55999755859375,127.41000366210938,98208600.0
2020-12-17,127.56127166748047,128.6999969482422,129.5800018310547,128.0399932861328,128.89999389648438,94359800.0
2020-12-18,125.5393295288086,126.66000366210938,129.10000610351562,126.12000274658203,128.9600067138672,192541500.0
2020-12-21,127.09542846679688,128.22999572753906,128.30999755859375,123.44999694824219,125.0199966430664,121251600.0
2020-12-22,130.71315002441406,131.8800048828125,134.41000366210938,129.64999389648438,131.61000061035156,168904800.0
2020-12-23,129.80126953125,130.9600067138672,132.42999267578125,130.77999877929688,132.16000366210938,88223700.0
2020-12-24,130.8023223876953,131.97000122070312,133.4600067138672,131.10000610351562,131.32000732421875,54930100.0
2020-12-28,135.4805908203125,136.69000244140625,137.33999633789062,133.50999450683594,133.99000549316406,124486200.0
2020-12-29,133.67666625976562,134.8699951171875,138.7899932861328,134.33999633789062,138.0500030517578,121047300.0
2020-12-30,132.536865234375,133.72000122070312,135.99000549316406,133.39999389648438,135.5800018310547,96452100.0
2020-12-31,131.51597595214844,132.69000244140625,134.74000549316406,131.72000122070312,134.0800018310547,99116600.0
2021-01-04,128.2650146484375,129.41000366210938,133.61000061035156,126.76000213623047,133.52000427246094,143301900.0
2021-01-05,129.85081481933594,131.00999450683594,131.74000549316406,128.42999267578125,128.88999938964844,97664900.0
2021-01-06,125.47984313964844,126.5999984741211,131.0500030517578,126.37999725341797,127.72000122070312,155088000.0
2021-01-07,129.76162719726562,130.9199981689453,131.6300048828125,127.86000061035156,128.36000061035156,109578200.0
2021-01-08,130.8816375732422,132.0500030517578,132.6300048828125,130.22999572753906,132.42999267578125,105158200.0
2021-01-11,127.83878326416016,128.97999572753906,130.1699981689453,128.5,129.19000244140625,100384500.0
2021-01-12,127.6603775024414,128.8000030517578,129.69000244140625,126.86000061035156,128.5,91951100.0
2021-01-13,129.73190307617188,130.88999938964844,131.4499969482422,128.49000549316406,128.75999450683594,88636800.0
2021-01-14,127.76942443847656,128.91000366210938,131.0,128.75999450683594,130.8000030517578,90221800.0
2021-01-15,126.01507568359375,127.13999938964844,130.22000122070312,127.0,128.77999877929688,111598500.0
2021-01-19,126.698974609375,127.83000183105469,128.7100067138672,126.94000244140625,127.77999877929688,90757300.0
2021-01-20,130.86180114746094,132.02999877929688,132.49000549316406,128.5500030517578,128.66000366210938,104319500.0
2021-01-21,135.6589813232422,136.8699951171875,139.6699981689453,133.58999633789062,133.8000030517578,120150900.0
2021-01-22,137.83953857421875,139.07000732421875,139.85000610351562,135.02000427246094,136.27999877929688,114459400.0
2021-01-25,141.6554718017578,142.9199981689453,145.08999633789062,136.5399932861328,143.07000732421875,157611700.0
2021-01-26,141.89332580566406,143.16000366210938,144.3000030517578,141.3699951171875,143.60000610351562,98390600.0
2021-01-27,140.80307006835938,142.05999755859375,144.3000030517578,140.41000366210938,143.42999267578125,140843800.0
2021-01-28,135.87704467773438,137.08999633789062,141.99000549316406,136.6999969482422,139.52000427246094,142621100.0
2021-01-29,130.79241943359375,131.9600067138672,136.74000549316406,130.2100067138672,135.8300018310547,177523800.0
2021-02-01,132.953125,134.13999938964844,135.3800048828125,130.92999267578125,133.75,106239800.0
2021-02-02,133.79562377929688,134.99000549316406,136.30999755859375,134.61000061035156,135.72999572753906,83305400.0
2021-02-03,132.75489807128906,133.94000244140625,135.77000427246094,133.61000061035156,135.75999450683594,89880900.0
2021-02-04,136.1743927001953,137.38999938964844,137.39999389648438,134.58999633789062,136.3000030517578,84183100.0
2021-02-05,135.75250244140625,136.75999450683594,137.4199981689453,135.86000061035156,137.35000610351562,75693800.0
2021-02-08,135.90139770507812,136.91000366210938,136.9600067138672,134.9199981689453,136.02999877929688,71297200.0
2021-02-09,135.00802612304688,136.00999450683594,137.8800048828125,135.85000610351562,136.6199951171875,76774200.0
2021-02-10,134.39260864257812,135.38999938964844,136.99000549316406,134.39999389648438,136.47999572753906,73046600.0
2021-02-11,134.13450622558594,135.1300048828125,136.38999938964844,133.77000427246094,135.89999389648438,64280000.0
2021-02-12,134.3727569580078,135.3699951171875,135.52999877929688,133.69000244140625,134.35000610351562,60145100.0
2021-02-16,132.20880126953125,133.19000244140625,136.00999450683594,132.7899932861328,135.49000549316406,80576300.0
2021-02-17,129.87612915039062,130.83999633789062,132.22000122070312,129.47000122070312,131.25,97918500.0
2021-02-18,128.7544403076172,129.7100067138672,130.0,127.41000366210938,129.1999969482422,96856700.0
2021-02-19,128.91326904296875,129.8699951171875,130.7100067138672,128.8000030517578,130.24000549316406,87668800.0
2021-02-22,125.07177734375,126.0,129.72000122070312,125.5999984741211,128.00999450683594,103916400.0
2021-02-23,124.93280792236328,125.86000061035156,126.70999908447266,118.38999938964844,123.76000213623047,158273000.0
2021-02-24,124.42655944824219,125.3499984741211,125.55999755859375,122.2300033569336,124.94000244140625,111039900.0
2021-02-25,120.09869384765625,120.98999786376953,126.45999908447266,120.54000091552734,124.68000030517578,148199500.0
2021-02-26,120.36670684814453,121.26000213623047,124.8499984741211,121.19999694824219,122.58999633789062,164560400.0
2021-03-01,126.84859466552734,127.79000091552734,127.93000030517578,122.79000091552734,123.75,116307900.0
2021-03-02,124.19825744628906,125.12000274658203,128.72000122070312,125.01000213623047,128.41000366210938,102260900.0
2021-03-03,121.16080474853516,122.05999755859375,125.70999908447266,121.83999633789062,124.80999755859375,112966300.0
2021-03-04,119.24502563476562,120.12999725341797,123.5999984741211,118.62000274658203,121.75,178155000.0
2021-03-05,120.5255126953125,121.41999816894531,121.94000244140625,117.56999969482422,120.9800033569336,153766600.0
2021-03-08,115.50279235839844,116.36000061035156,121.0,116.20999908447266,120.93000030517578,154376600.0
2021-03-09,120.19793701171875,121.08999633789062,122.05999755859375,118.79000091552734,119.02999877929688,129525800.0
2021-03-10,119.09614562988281,119.9800033569336,122.16999816894531,119.44999694824219,121.69000244140625,111943300.0
2021-03-11,121.06153869628906,121.95999908447266,123.20999908447266,121.26000213623047,122.54000091552734,103026500.0
2021-03-12,120.13838958740234,121.02999877929688,121.16999816894531,119.16000366210938,120.4000015258789,88105100.0
2021-03-15,123.07658386230469,123.98999786376953,124.0,120.41999816894531,121.41000366210938,92403800.0
2021-03-16,124.64494323730469,125.56999969482422,127.22000122070312,124.72000122070312,125.69999694824219,115227900.0
2021-03-17,123.8409194946289,124.76000213623047,125.86000061035156,122.33999633789062,124.05000305175781,111932600.0
2021-03-18,119.64207458496094,120.52999877929688,123.18000030517578,120.31999969482422,122.87999725341797,121229700.0
2021-03-19,119.1060562133789,119.98999786376953,121.43000030517578,119.68000030517578,119.9000015258789,185549500.0
2021-03-22,122.48101043701172,123.38999938964844,123.87000274658203,120.26000213623047,120.33000183105469,111912300.0
2021-03-23,121.63726806640625,122.54000091552734,124.23999786376953,122.13999938964844,123.33000183105469,95467100.0
2021-03-24,119.20530700683594,120.08999633789062,122.9000015258789,120.06999969482422,122.81999969482422,88530500.0
2021-03-25,119.70162963867188,120.58999633789062,121.66000366210938,119.0,119.54000091552734,98844700.0
2021-03-26,120.31706237792969,121.20999908447266,121.4800033569336,118.91999816894531,120.3499984741211,94071200.0
2021-03-29,120.49574279785156,121.38999938964844,122.58000183105469,120.7300033569336,121.6500015258789,80819200.0
2021-03-30,119.01671600341797,119.9000015258789,120.4000015258789,118.86000061035156,120.11000061035156,85671900.0
2021-03-31,121.25015258789062,122.1500015258789,123.5199966430664,121.1500015258789,121.6500015258789,118323800.0
2021-04-01,122.09387969970703,123.0,124.18000030517578,122.48999786376953,123.66000366210938,75089100.0
2021-04-05,124.9725112915039,125.9000015258789,126.16000366210938,123.06999969482422,123.87000274658203,88651200.0
2021-04-06,125.28024291992188,126.20999908447266,127.12999725341797,125.6500015258789,126.5,80171300.0
2021-04-07,126.95779418945312,127.9000015258789,127.91999816894531,125.13999938964844,125.83000183105469,83466700.0
2021-04-08,129.399658203125,130.36000061035156,130.38999938964844,128.52000427246094,128.9499969482422,88844600.0
2021-04-09,132.0202178955078,133.0,133.0399932861328,129.47000122070312,129.8000030517578,106686700.0
2021-04-12,130.273193359375,131.24000549316406,132.85000610351562,130.6300048828125,132.52000427246094,91420000.0
2021-04-13,133.43966674804688,134.42999267578125,134.66000366210938,131.92999267578125,132.44000244140625,91266500.0
2021-04-14,131.057373046875,132.02999877929688,135.0,131.66000366210938,134.94000244140625,87222800.0
2021-04-15,133.5091552734375,134.5,135.0,133.63999938964844,133.82000732421875,89347100.0
2021-04-16,133.1716766357422,134.16000366210938,134.6699981689453,133.27999877929688,134.3000030517578,84922400.0
2021-04-19,133.84664916992188,134.83999633789062,135.47000122070312,133.33999633789062,133.50999450683594,94264200.0
2021-04-20,132.12939453125,133.11000061035156,135.52999877929688,131.80999755859375,135.02000427246094,94812300.0
2021-04-21,132.5165252685547,133.5,133.75,131.3000030517578,132.36000061035156,68847100.0
2021-04-22,130.968017578125,131.94000244140625,134.14999389648438,131.41000366210938,133.0399932861328,84566500.0
2021-04-23,133.3304901123047,134.32000732421875,135.1199951171875,132.16000366210938,132.16000366210938,78657500.0
2021-04-26,133.7275390625,134.72000122070312,135.05999755859375,133.55999755859375,134.8300018310547,66905100.0
2021-04-27,133.39996337890625,134.38999938964844,135.41000366210938,134.11000061035156,135.00999450683594,66015800.0
2021-04-28,132.595947265625,133.5800018310547,135.02000427246094,133.0800018310547,134.30999755859375,107760100.0
2021-04-29,132.4966583251953,133.47999572753906,137.07000732421875,132.4499969482422,136.47000122070312,151101000.0
2021-04-30,130.49154663085938,131.4600067138672,133.55999755859375,131.07000732421875,131.77999877929688,109839500.0
2021-05-03,131.56358337402344,132.5399932861328,134.07000732421875,131.8300018310547,132.0399932861328,75135100.0
2021-05-04,126.90814208984375,127.8499984741211,131.49000549316406,126.69999694824219,131.19000244140625,137564700.0
2021-05-05,127.15631866455078,128.10000610351562,130.4499969482422,127.97000122070312,129.1999969482422,84000900.0
2021-05-06,128.78424072265625,129.74000549316406,129.75,127.12999725341797,127.88999938964844,78128300.0
2021-05-07,129.47032165527344,130.2100067138672,131.25999450683594,129.47999572753906,130.85000610351562,78973300.0
2021-05-10,126.12939453125,126.8499984741211,129.5399932861328,126.80999755859375,129.41000366210938,88071200.0
2021-05-11,125.19474029541016,125.91000366210938,126.2699966430664,122.7699966430664,123.5,126142800.0
2021-05-12,122.07256317138672,122.7699966430664,124.63999938964844,122.25,123.4000015258789,112172300.0
2021-05-13,124.26007080078125,124.97000122070312,126.1500015258789,124.26000213623047,124.58000183105469,105861300.0
2021-05-14,126.72598266601562,127.44999694824219,127.88999938964844,125.8499984741211,126.25,81918000.0
2021-05-17,125.55268859863281,126.2699966430664,126.93000030517578,125.16999816894531,126.81999969482422,74244600.0
2021-05-18,124.14075469970703,124.8499984741211,126.98999786376953,124.77999877929688,126.55999755859375,63342900.0
2021-05-19,123.9816665649414,124.69000244140625,124.91999816894531,122.86000061035156,123.16000366210938,92612000.0
2021-05-20,126.58678436279297,127.30999755859375,127.72000122070312,125.0999984741211,125.2300033569336,76857100.0
2021-05-21,124.71746063232422,125.43000030517578,128.0,125.20999908447266,127.81999969482422,79295400.0
2021-05-24,126.37797546386719,127.0999984741211,127.94000244140625,125.94000244140625,126.01000213623047,63092900.0
2021-05-25,126.17911529541016,126.9000015258789,128.32000732421875,126.31999969482422,127.81999969482422,72009500.0
2021-05-26,126.12939453125,126.8499984741211,127.38999938964844,126.41999816894531,126.95999908447266,56575900.0
2021-05-27,124.56832122802734,125.27999877929688,127.63999938964844,125.08000183105469,126.44000244140625,94625600.0
2021-05-28,123.90211486816406,124.61000061035156,125.80000305175781,124.55000305175781,125.56999969482422,71311100.0
2021-06-01,123.57398986816406,124.27999877929688,125.3499984741211,123.94000244140625,125.08000183105469,67637100.0
2021-06-02,124.34956359863281,125.05999755859375,125.23999786376953,124.05000305175781,124.27999877929688,59278900.0
2021-06-03,122.83820343017578,123.54000091552734,124.8499984741211,123.12999725341797,124.68000030517578,76229200.0
2021-06-04,125.17485046386719,125.88999938964844,126.16000366210938,123.8499984741211,124.06999969482422,75169300.0
2021-06-07,125.1847915649414,125.9000015258789,126.31999969482422,124.83000183105469,126.16999816894531,71057600.0
2021-06-08,126.02001190185547,126.73999786376953,128.4600067138672,126.20999908447266,126.5999984741211,74403800.0
2021-06-09,126.40779876708984,127.12999725341797,127.75,126.5199966430664,127.20999908447266,56877900.0
2021-06-10,125.39359283447266,126.11000061035156,128.19000244140625,125.94000244140625,127.0199966430664,71186400.0
2021-06-11,126.62654876708984,127.3499984741211,127.44000244140625,126.0999984741211,126.52999877929688,53522400.0
2021-06-14,129.73876953125,130.47999572753906,130.5399932861328,127.06999969482422,127.81999969482422,96906500.0
2021-06-15,128.90354919433594,129.63999938964844,130.60000610351562,129.38999938964844,129.94000244140625,62746300.0
2021-06-16,129.41064453125,130.14999389648438,130.88999938964844,128.4600067138672,130.3699951171875,91815000.0
2021-06-17,131.04132080078125,131.7899932861328,132.5500030517578,129.64999389648438,129.8000030517578,96721700.0
2021-06-18,129.71888732910156,130.4600067138672,131.50999450683594,130.24000549316406,130.7100067138672,108953300.0
2021-06-21,131.54843139648438,132.3000030517578,132.41000366210938,129.2100067138672,130.3000030517578,79663300.0
2021-06-22,133.2188720703125,133.97999572753906,134.0800018310547,131.6199951171875,132.1300048828125,74783600.0
2021-06-23,132.94049072265625,133.6999969482422,134.32000732421875,133.22999572753906,133.77000427246094,60214200.0
2021-06-24,132.65213012695312,133.41000366210938,134.63999938964844,132.92999267578125,134.4499969482422,68711000.0
2021-06-25,132.3538360595703,133.11000061035156,133.88999938964844,132.80999755859375,133.4600067138672,70783700.0
2021-06-28,134.0143585205078,134.77999877929688,135.25,133.35000610351562,133.41000366210938,62111300.0
2021-06-29,135.55552673339844,136.3300018310547,136.49000549316406,134.35000610351562,134.8000030517578,64556100.0
2021-06-30,136.18197631835938,136.9600067138672,137.41000366210938,135.8699951171875,136.1699981689453,63261400.0
2021-07-01,136.4901885986328,137.27000427246094,137.3300018310547,135.75999450683594,136.60000610351562,52485800.0
2021-07-02,139.1649169921875,139.9600067138672,140.0,137.75,137.89999389648438,78852600.0
2021-07-06,141.2132110595703,142.02000427246094,143.14999389648438,140.07000732421875,140.07000732421875,108181800.0
2021-07-07,143.74874877929688,144.57000732421875,144.88999938964844,142.66000366210938,143.5399932861328,104911600.0
2021-07-08,142.42628479003906,143.24000549316406,144.05999755859375,140.6699981689453,141.5800018310547,105575500.0
2021-07-09,144.28565979003906,145.11000061035156,145.64999389648438,142.64999389648438,142.75,99890800.0
2021-07-12,143.6791229248047,144.5,146.32000732421875,144.0,146.2100067138672,76299700.0
2021-07-13,144.81265258789062,145.63999938964844,147.4600067138672,143.6300048828125,144.02999877929688,100827100.0
2021-07-14,148.30270385742188,149.14999389648438,149.57000732421875,147.67999267578125,148.10000610351562,127050800.0
2021-07-15,147.63650512695312,148.47999572753906,150.0,147.08999633789062,149.24000549316406,106820300.0
2021-07-16,145.5583953857422,146.38999938964844,149.75999450683594,145.8800048828125,148.4600067138672,93251400.0
2021-07-19,141.64076232910156,142.4499969482422,144.07000732421875,141.6699981689453,143.75,121434600.0
2021-07-20,145.3197479248047,146.14999389648438,147.10000610351562,142.9600067138672,143.4600067138672,96350000.0
2021-07-21,144.5740203857422,145.39999389648438,146.1300048828125,144.6300048828125,145.52999877929688,74993500.0
2021-07-22,145.966064453125,146.8000030517578,148.1999969482422,145.80999755859375,145.94000244140625,77338200.0
2021-07-23,147.71604919433594,148.55999755859375,148.72000122070312,146.9199981689453,147.5500030517578,71447400.0
2021-07-26,148.1436309814453,148.99000549316406,149.8300018310547,147.6999969482422,148.27000427246094,72434100.0
2021-07-27,145.93624877929688,146.77000427246094,149.2100067138672,145.5500030517578,149.1199951171875,104818600.0
2021-07-28,144.15640258789062,144.97999572753906,146.97000122070312,142.5399932861328,144.80999755859375,118931200.0
2021-07-29,144.81265258789062,145.63999938964844,146.5500030517578,144.5800018310547,144.69000244140625,56699500.0
2021-07-30,145.0314178466797,145.86000061035156,146.3300018310547,144.11000061035156,144.3800048828125,70440600.0
2021-08-02,144.69332885742188,145.52000427246094,146.9499969482422,145.25,146.36000061035156,62880000.0
2021-08-03,146.52288818359375,147.36000061035156,148.0399932861328,145.17999267578125,145.80999755859375,64786600.0
2021-08-04,146.11520385742188,146.9499969482422,147.7899932861328,146.27999877929688,147.27000427246094,56368300.0
2021-08-05,146.22457885742188,147.05999755859375,147.83999633789062,146.1699981689453,146.97999572753906,46397700.0
2021-08-06,145.52752685546875,146.13999938964844,147.11000061035156,145.6300048828125,146.35000610351562,54126800.0
2021-08-09,145.47772216796875,146.08999633789062,146.6999969482422,145.52000427246094,146.1999969482422,48908700.0
2021-08-10,144.9897918701172,145.60000610351562,147.7100067138672,145.3000030517578,146.44000244140625,69023100.0
2021-08-11,145.2487030029297,145.86000061035156,146.72000122070312,145.52999877929688,146.0500030517578,48493500.0
2021-08-12,148.26600646972656,148.88999938964844,149.0500030517578,145.83999633789062,146.19000244140625,72282600.0
2021-08-13,148.47512817382812,149.10000610351562,149.44000244140625,148.27000427246094,148.97000122070312,59375000.0
2021-08-16,150.4866485595703,151.1199951171875,151.19000244140625,146.47000122070312,148.5399932861328,103296000.0
2021-08-17,149.56056213378906,150.19000244140625,151.67999267578125,149.08999633789062,150.22999572753906,92229700.0
2021-08-18,145.74661254882812,146.36000061035156,150.72000122070312,146.14999389648438,149.8000030517578,86326000.0
2021-08-19,146.08517456054688,146.6999969482422,148.0,144.5,145.02999877929688,86960300.0
2021-08-20,147.5689239501953,148.19000244140625,148.5,146.77999877929688,147.44000244140625,60549600.0
2021-08-23,149.08258056640625,149.7100067138672,150.19000244140625,147.88999938964844,148.30999755859375,60131800.0
2021-08-24,148.99293518066406,149.6199951171875,150.86000061035156,149.14999389648438,149.4499969482422,48606400.0
2021-08-25,147.73822021484375,148.36000061035156,150.32000732421875,147.8000030517578,149.80999755859375,58991300.0
2021-08-26,146.92164611816406,147.5399932861328,149.1199951171875,147.50999450683594,148.35000610351562,48597200.0
2021-08-27,147.9772186279297,148.60000610351562,148.75,146.8300018310547,147.47999572753906,55802400.0
2021-08-30,152.47825622558594,153.1199951171875,153.49000549316406,148.61000061035156,149.0,90956700.0
2021-08-31,151.1936798095703,151.8300018310547,152.8000030517578,151.2899932861328,152.66000366210938,86453100.0
2021-09-01,151.87081909179688,152.50999450683594,154.97999572753906,152.33999633789062,152.8300018310547,80313700.0
2021-09-02,153.00604248046875,153.64999389648438,154.72000122070312,152.39999389648438,153.8699951171875,71115500.0
2021-09-03,153.6533203125,154.3000030517578,154.6300048828125,153.08999633789062,153.75999450683594,57808700.0
2021-09-07,156.0333251953125,156.69000244140625,157.25999450683594,154.38999938964844,154.97000122070312,82278300.0
2021-09-08,154.4599151611328,155.11000061035156,157.0399932861328,153.97999572753906,156.97999572753906,74420200.0
2021-09-09,153.42428588867188,154.07000732421875,156.11000061035156,153.9499969482422,155.49000549316406,57305700.0
2021-09-10,148.3456573486328,148.97000122070312,155.47999572753906,148.6999969482422,155.0,140893200.0
2021-09-13,148.92323303222656,149.5500030517578,151.4199981689453,148.75,150.6300048828125,102404300.0
2021-09-14,147.4992218017578,148.1199951171875,151.07000732421875,146.91000366210938,150.35000610351562,109296300.0
2021-09-15,148.4053955078125,149.02999877929688,149.44000244140625,146.3699951171875,148.55999755859375,83281300.0
2021-09-16,148.16639709472656,148.7899932861328,148.97000122070312,147.22000122070312,148.44000244140625,68034100.0
2021-09-17,145.44784545898438,146.05999755859375,148.82000732421875,145.75999450683594,148.82000732421875,129868800.0
2021-09-20,142.34092712402344,142.94000244140625,144.83999633789062,141.27000427246094,143.8000030517578,123478900.0
2021-09-21,142.82887268066406,143.42999267578125,144.60000610351562,142.77999877929688,143.92999267578125,75834000.0
2021-09-22,145.23873901367188,145.85000610351562,146.42999267578125,143.6999969482422,144.4499969482422,76404300.0
2021-09-23,146.21463012695312,146.8300018310547,147.0800018310547,145.63999938964844,146.64999389648438,64838200.0
2021-09-24,146.3042449951172,146.9199981689453,147.47000122070312,145.55999755859375,145.66000366210938,53477900.0
2021-09-27,144.76075744628906,145.3699951171875,145.9600067138672,143.82000732421875,145.47000122070312,74150700.0
2021-09-28,141.3152618408203,141.91000366210938,144.75,141.69000244140625,143.25,108972300.0
2021-09-29,142.2313995361328,142.8300018310547,144.4499969482422,142.02999877929688,142.47000122070312,74602000.0
2021-09-30,140.90696716308594,141.5,144.3800048828125,141.27999877929688,143.66000366210938,89056700.0
2021-10-01,142.05213928222656,142.64999389648438,142.9199981689453,139.11000061035156,141.89999389648438,94639600.0
2021-10-04,138.55685424804688,139.13999938964844,142.2100067138672,138.27000427246094,141.75999450683594,98322000.0
2021-10-05,140.51861572265625,141.11000061035156,142.24000549316406,139.36000061035156,139.49000549316406,80861100.0
2021-10-06,141.40487670898438,142.0,142.14999389648438,138.3699951171875,139.47000122070312,83221100.0
2021-10-07,142.689453125,143.2899932861328,144.22000122070312,142.72000122070312,143.05999755859375,61732700.0
2021-10-08,142.30108642578125,142.89999389648438,144.17999267578125,142.55999755859375,144.02999877929688,58773200.0
2021-10-11,142.21148681640625,142.80999755859375,144.80999755859375,141.80999755859375,142.27000427246094,64452200.0
2021-10-12,140.9169158935547,141.50999450683594,143.25,141.0399932861328,143.22999572753906,73035900.0
2021-10-13,140.31944274902344,140.91000366210938,141.39999389648438,139.1999969482422,141.24000549316406,78762700.0
2021-10-14,143.15748596191406,143.75999450683594,143.8800048828125,141.50999450683594,142.11000061035156,69907100.0
2021-10-15,144.2329864501953,144.83999633789062,144.89999389648438,143.50999450683594,143.77000427246094,67940300.0
2021-10-18,145.93580627441406,146.5500030517578,146.83999633789062,143.16000366210938,143.4499969482422,85589200.0
2021-10-19,148.13653564453125,148.75999450683594,149.1699981689453,146.5500030517578,147.00999450683594,76378900.0
2021-10-20,148.6344451904297,149.25999450683594,149.75,148.1199951171875,148.6999969482422,58418800.0
2021-10-21,148.85353088378906,149.47999572753906,149.63999938964844,147.8699951171875,148.80999755859375,61421000.0
2021-10-22,148.0668487548828,148.69000244140625,150.17999267578125,148.63999938964844,149.69000244140625,58883400.0
2021-10-25,148.01705932617188,148.63999938964844,149.3699951171875,147.6199951171875,148.67999267578125,50720600.0
2021-10-26,148.69419860839844,149.32000732421875,150.83999633789062,149.00999450683594,149.3300018310547,60893400.0
2021-10-27,148.22618103027344,148.85000610351562,149.72999572753906,148.49000549316406,149.36000061035156,56094900.0
2021-10-28,151.93057250976562,152.57000732421875,153.1699981689453,149.72000122070312,149.82000732421875,100077900.0
2021-10-29,149.17218017578125,149.8000030517578,149.94000244140625,146.41000366210938,147.22000122070312,124953200.0
2021-11-01,148.33570861816406,148.9600067138672,149.6999969482422,147.8000030517578,148.99000549316406,74588300.0
2021-11-02,149.39126586914062,150.02000427246094,151.57000732421875,148.64999389648438,148.66000366210938,69122000.0
2021-11-03,150.8551025390625,151.49000549316406,151.97000122070312,149.82000732421875,150.38999938964844,54511500.0
2021-11-04,150.32733154296875,150.9600067138672,152.42999267578125,150.63999938964844,151.5800018310547,60394600.0
2021-11-05,150.8658447265625,151.27999877929688,152.1999969482422,150.05999755859375,151.88999938964844,65463900.0
2021-11-08,150.0281524658203,150.44000244140625,151.57000732421875,150.16000366210938,151.41000366210938,55020900.0
2021-11-09,150.39712524414062,150.80999755859375,151.42999267578125,150.05999755859375,150.1999969482422,56787900.0
2021-11-10,147.51504516601562,147.9199981689453,150.1300048828125,147.85000610351562,150.02000427246094,65187100.0
2021-11-11,147.46517944335938,147.8699951171875,149.42999267578125,147.67999267578125,148.9600067138672,41000000.0
2021-11-12,149.57937622070312,149.99000549316406,150.39999389648438,147.47999572753906,148.42999267578125,63804000.0
2021-11-15,149.58934020996094,150.0,151.8800048828125,149.42999267578125,150.3699951171875,59222800.0
2021-11-16,150.58660888671875,151.0,151.49000549316406,149.33999633789062,149.94000244140625,59256200.0
2021-11-17,153.06979370117188,153.49000549316406,155.0,150.99000549316406,151.0,88807000.0
2021-11-18,157.4377899169922,157.8699951171875,158.6699981689453,153.0500030517578,153.7100067138672,137827700.0
2021-11-19,160.1104736328125,160.5500030517578,161.02000427246094,156.52999877929688,157.64999389648438,117305600.0
2021-11-22,160.5791778564453,161.02000427246094,165.6999969482422,161.0,161.67999267578125,117467900.0
2021-11-23,160.96810913085938,161.41000366210938,161.8000030517578,159.05999755859375,161.1199951171875,96041900.0
2021-11-24,161.49667358398438,161.94000244140625,162.13999938964844,159.63999938964844,160.75,69463600.0
2021-11-26,156.38070678710938,156.80999755859375,160.4499969482422,156.36000061035156,159.57000732421875,76959800.0
2021-11-29,159.8013153076172,160.24000549316406,161.19000244140625,158.7899932861328,159.3699951171875,88748200.0
2021-11-30,164.84747314453125,165.3000030517578,165.52000427246094,159.9199981689453,159.99000549316406,174048100.0
2021-12-01,164.3189239501953,164.77000427246094,170.3000030517578,164.52999877929688,167.47999572753906,152052500.0
2021-12-02,163.31167602539062,163.75999450683594,164.1999969482422,157.8000030517578,158.74000549316406,136739200.0
2021-12-03,161.3969268798828,161.83999633789062,164.9600067138672,159.72000122070312,164.02000427246094,118023100.0
2021-12-06,164.86741638183594,165.32000732421875,167.8800048828125,164.27999877929688,164.2899932861328,107497000.0
2021-12-07,170.7113494873047,171.17999267578125,171.5800018310547,168.33999633789062,169.0800018310547,120405400.0
2021-12-08,174.60069274902344,175.0800018310547,175.9600067138672,170.6999969482422,172.1300048828125,116998900.0
2021-12-09,174.0821075439453,174.55999755859375,176.75,173.9199981689453,174.91000366210938,108923700.0
2021-12-10,178.95872497558594,179.4499969482422,179.6300048828125,174.69000244140625,175.2100067138672,115402700.0
2021-12-13,175.25888061523438,175.74000549316406,182.1300048828125,175.52999877929688,181.1199951171875,153237000.0
2021-12-14,173.85275268554688,174.3300018310547,177.74000549316406,172.2100067138672,175.25,139380400.0
2021-12-15,178.80914306640625,179.3000030517578,179.5,172.30999755859375,175.11000061035156,131063300.0
2021-12-16,171.7884063720703,172.25999450683594,181.13999938964844,170.75,179.27999877929688,150185800.0
2021-12-17,170.67147827148438,171.13999938964844,173.47000122070312,169.69000244140625,169.92999267578125,195432700.0
2021-12-20,169.2852783203125,169.75,170.5800018310547,167.4600067138672,168.27999877929688,107499100.0
2021-12-21,172.5164031982422,172.99000549316406,173.1999969482422,169.1199951171875,171.55999755859375,91185900.0
2021-12-22,175.15914916992188,175.63999938964844,175.86000061035156,172.14999389648438,173.0399932861328,92135300.0
2021-12-23,175.7974090576172,176.27999877929688,176.85000610351562,175.27000427246094,175.85000610351562,68356600.0
2021-12-27,179.83631896972656,180.3300018310547,180.4199981689453,177.07000732421875,177.08999633789062,74919600.0
2021-12-28,178.7991485595703,179.2899932861328,181.3300018310547,178.52999877929688,180.16000366210938,79144300.0
2021-12-29,178.888916015625,179.3800048828125,180.6300048828125,178.13999938964844,179.3300018310547,62348900.0
2021-12-30,177.71214294433594,178.1999969482422,180.57000732421875,178.08999633789062,179.47000122070312,59773000.0
2021-12-31,177.08387756347656,177.57000732421875,179.22999572753906,177.25999450683594,178.08999633789062,64062300.0
2022-01-03,181.51170349121094,182.00999450683594,182.8800048828125,177.7100067138672,177.8300018310547,104487900.0
2022-01-04,179.20803833007812,179.6999969482422,182.94000244140625,179.1199951171875,182.6300048828125,99310400.0
2022-01-05,174.4411163330078,174.9199981689453,180.1699981689453,174.63999938964844,179.61000061035156,94537600.0
2022-01-06,171.5291290283203,172.0,175.3000030517578,171.63999938964844,172.6999969482422,96904000.0
2022-01-07,171.6986541748047,172.1699981689453,174.13999938964844,171.02999877929688,172.88999938964844,86709100.0
2022-01-10,171.71859741210938,172.19000244140625,172.5,168.1699981689453,169.0800018310547,106765600.0
2022-01-11,174.60069274902344,175.0800018310547,175.17999267578125,170.82000732421875,172.32000732421875,76138300.0
2022-01-12,175.04945373535156,175.52999877929688,177.17999267578125,174.82000732421875,176.1199951171875,74805200.0
2022-01-13,171.71859741210938,172.19000244140625,176.6199951171875,171.7899932861328,175.77999877929688,84505800.0
2022-01-14,172.59620666503906,173.07000732421875,173.77999877929688,171.08999633789062,171.33999633789062,80440800.0
2022-01-18,169.33514404296875,169.8000030517578,172.5399932861328,169.41000366210938,171.50999450683594,90956700.0
2022-01-19,165.77491760253906,166.22999572753906,171.0800018310547,165.94000244140625,170.0,94815000.0
2022-01-20,164.0596160888672,164.50999450683594,169.67999267578125,164.17999267578125,166.97999572753906,91420500.0
2022-01-21,161.9653778076172,162.41000366210938,166.3300018310547,162.3000030517578,164.4199981689453,122848900.0
2022-01-24,161.17752075195312,161.6199951171875,162.3000030517578,154.6999969482422,160.02000427246094,162294600.0
2022-01-25,159.3425750732422,159.77999877929688,162.75999450683594,157.02000427246094,158.97999572753906,115798400.0
2022-01-26,159.25282287597656,159.69000244140625,164.38999938964844,157.82000732421875,163.5,108275300.0
2022-01-27,158.78411865234375,159.22000122070312,163.83999633789062,158.27999877929688,162.4499969482422,121954600.0
2022-01-28,169.8636932373047,170.3300018310547,170.35000610351562,162.8000030517578,165.7100067138672,179935700.0
2022-01-31,174.301513671875,174.77999877929688,175.0,169.50999450683594,170.16000366210938,115541600.0
2022-02-01,174.13197326660156,174.61000061035156,174.83999633789062,172.30999755859375,174.00999450683594,86213900.0
2022-02-02,175.35861206054688,175.83999633789062,175.8800048828125,173.3300018310547,174.75,84914300.0
2022-02-03,172.42665100097656,172.89999389648438,176.24000549316406,172.1199951171875,174.47999572753906,89418100.0
2022-02-04,172.1370849609375,172.38999938964844,174.10000610351562,170.67999267578125,171.67999267578125,82465400.0
2022-02-07,171.4081573486328,171.66000366210938,173.9499969482422,170.9499969482422,172.86000061035156,77251200.0
2022-02-08,174.57350158691406,174.8300018310547,175.35000610351562,171.42999267578125,171.72999572753906,74829200.0
2022-02-09,176.02137756347656,176.27999877929688,176.64999389648438,174.89999389648438,176.0500030517578,71285000.0
2022-02-10,171.8674774169922,172.1199951171875,175.47999572753906,171.5500030517578,174.13999938964844,90865900.0
2022-02-11,168.39259338378906,168.63999938964844,173.0800018310547,168.0399932861328,172.3300018310547,98670700.0
2022-02-14,168.63223266601562,168.8800048828125,169.5800018310547,166.55999755859375,167.3699951171875,86185500.0
2022-02-15,172.5364990234375,172.7899932861328,172.9499969482422,170.25,170.97000122070312,62527400.0
2022-02-16,172.29685974121094,172.5500030517578,173.33999633789062,170.0500030517578,171.85000610351562,61177400.0
2022-02-17,168.63223266601562,168.8800048828125,171.91000366210938,168.47000122070312,171.02999877929688,69589300.0
2022-02-18,167.05455017089844,167.3000030517578,170.5399932861328,166.19000244140625,169.82000732421875,82772700.0
2022-02-22,164.0789337158203,164.32000732421875,166.69000244140625,162.14999389648438,164.97999572753906,91162800.0
2022-02-23,159.83517456054688,160.07000732421875,166.14999389648438,159.75,165.5399932861328,90009200.0
2022-02-24,162.50125122070312,162.74000549316406,162.85000610351562,152.0,152.5800018310547,141147500.0
2022-02-25,164.608154296875,164.85000610351562,165.1199951171875,160.8699951171875,163.83999633789062,91974200.0
2022-02-28,164.87774658203125,165.1199951171875,165.4199981689453,162.42999267578125,163.05999755859375,95056600.0
2022-03-01,162.9605712890625,163.1999969482422,166.60000610351562,161.97000122070312,164.6999969482422,83474400.0
2022-03-02,166.31564331054688,166.55999755859375,167.36000061035156,162.9499969482422,164.38999938964844,79724800.0
2022-03-03,165.98611450195312,166.22999572753906,168.91000366210938,165.5500030517578,168.47000122070312,76678400.0
2022-03-04,162.93060302734375,163.1699981689453,165.5500030517578,162.10000610351562,164.49000549316406,83737200.0
2022-03-07,159.06629943847656,159.3000030517578,165.02000427246094,159.0399932861328,163.36000061035156,96418800.0
2022-03-08,157.20901489257812,157.44000244140625,162.8800048828125,155.8000030517578,158.82000732421875,131148300.0
2022-03-09,162.7109375,162.9499969482422,163.41000366210938,159.41000366210938,161.47999572753906,91454900.0
2022-03-10,158.28744506835938,158.52000427246094,160.38999938964844,155.97999572753906,160.1999969482422,105342000.0
2022-03-11,154.50299072265625,154.72999572753906,159.27999877929688,154.5,158.92999267578125,96970100.0
2022-03-14,150.39901733398438,150.6199951171875,154.1199951171875,150.10000610351562,151.4499969482422,108732100.0
2022-03-15,154.86245727539062,155.08999633789062,155.57000732421875,150.3800048828125,150.89999389648438,92964300.0
2022-03-16,159.35586547851562,159.58999633789062,160.0,154.4600067138672,157.0500030517578,102300200.0
2022-03-17,160.3843536376953,160.6199951171875,161.0,157.6300048828125,158.61000061035156,75615400.0
2022-03-18,163.7394256591797,163.97999572753906,164.47999572753906,159.75999450683594,160.50999450683594,123511700.0
2022-03-21,165.1373748779297,165.3800048828125,166.35000610351562,163.00999450683594,163.50999450683594,95811400.0
2022-03-22,168.57232666015625,168.82000732421875,169.4199981689453,164.91000366210938,165.50999450683594,81532000.0
2022-03-23,169.96029663085938,170.2100067138672,172.63999938964844,167.64999389648438,167.99000549316406,98062700.0
2022-03-24,173.8146209716797,174.07000732421875,174.13999938964844,170.2100067138672,171.05999755859375,90131400.0
2022-03-25,174.4636688232422,174.72000122070312,175.27999877929688,172.75,173.8800048828125,80546200.0
2022-03-28,175.34237670898438,175.60000610351562,175.72999572753906,172.0,172.1699981689453,90371900.0
2022-03-29,178.69744873046875,178.9600067138672,179.00999450683594,176.33999633789062,176.69000244140625,100589400.0
2022-03-30,177.5092010498047,177.77000427246094,179.61000061035156,176.6999969482422,178.5500030517578,92633200.0
2022-03-31,174.3538360595703,174.61000061035156,178.02999877929688,174.39999389648438,177.83999633789062,103049300.0
2022-04-01,174.05426025390625,174.30999755859375,174.8800048828125,171.94000244140625,174.02999877929688,78751300.0
2022-04-04,178.17820739746094,178.44000244140625,178.49000549316406,174.44000244140625,174.57000732421875,76468400.0
2022-04-05,174.80316162109375,175.05999755859375,178.3000030517578,174.4199981689453,177.5,73401800.0
2022-04-06,171.57791137695312,171.8300018310547,173.6300048828125,170.1300048828125,172.36000061035156,89058800.0
2022-04-07,171.887451171875,172.13999938964844,173.36000061035156,169.85000610351562,171.16000366210938,77594700.0
2022-04-08,169.8404541015625,170.08999633789062,171.77999877929688,169.1999969482422,171.77999877929688,76575500.0
2022-04-11,165.50682067871094,165.75,169.02999877929688,165.5,168.7100067138672,72246700.0
2022-04-12,167.41403198242188,167.66000366210938,169.8699951171875,166.63999938964844,168.02000427246094,79265200.0
2022-04-13,170.14999389648438,170.39999389648438,171.0399932861328,166.77000427246094,167.38999938964844,70618900.0
2022-04-14,165.04750061035156,165.2899932861328,171.27000427246094,165.0399932861328,170.6199951171875,75329400.0
2022-04-18,164.8278350830078,165.07000732421875,166.60000610351562,163.57000732421875,163.9199981689453,69023900.0
2022-04-19,167.15440368652344,167.39999389648438,167.82000732421875,163.91000366210938,165.02000427246094,67723800.0
2022-04-20,166.98464965820312,167.22999572753906,168.8800048828125,166.10000610351562,168.75999450683594,67929800.0
2022-04-21,166.17584228515625,166.4199981689453,171.52999877929688,165.91000366210938,168.91000366210938,87227800.0
2022-04-22,161.55262756347656,161.7899932861328,167.8699951171875,161.5,166.4600067138672,84882400.0
2022-04-25,162.6410369873047,162.8800048828125,163.1699981689453,158.4600067138672,161.1199951171875,96046400.0
2022-04-26,156.56996154785156,156.8000030517578,162.33999633789062,156.72000122070312,162.25,95623200.0
2022-04-27,156.34030151367188,156.57000732421875,159.7899932861328,155.3800048828125,155.91000366210938,88063200.0
2022-04-28,163.39991760253906,163.63999938964844,164.52000427246094,158.92999267578125,159.25,130216800.0
2022-04-29,157.418701171875,157.64999389648438,166.1999969482422,157.25,161.83999633789062,131747600.0
2022-05-02,157.72825622558594,157.9600067138672,158.22999572753906,153.27000427246094,156.7100067138672,123055300.0
2022-05-03,159.2460174560547,159.47999572753906,160.7100067138672,156.32000732421875,158.14999389648438,88966500.0
2022-05-04,165.77642822265625,166.02000427246094,166.47999572753906,159.25999450683594,159.6699981689453,108256500.0
2022-05-05,156.54000854492188,156.77000427246094,164.0800018310547,154.9499969482422,163.85000610351562,130525300.0
2022-05-06,157.27999877929688,157.27999877929688,159.44000244140625,154.17999267578125,156.00999450683594,116124600.0
2022-05-09,152.05999755859375,152.05999755859375,155.8300018310547,151.49000549316406,154.92999267578125,131577900.0
2022-05-10,154.50999450683594,154.50999450683594,156.74000549316406,152.92999267578125,155.52000427246094,115366700.0
2022-05-11,146.5,146.5,155.4499969482422,145.80999755859375,153.5,142689800.0
2022-05-12,142.55999755859375,142.55999755859375,146.1999969482422,138.8000030517578,142.77000427246094,182602000.0
2022-05-13,147.11000061035156,147.11000061035156,148.10000610351562,143.11000061035156,144.58999633789062,113990900.0
2022-05-16,145.5399932861328,145.5399932861328,147.52000427246094,144.17999267578125,145.5500030517578,86643800.0
2022-05-17,149.24000549316406,149.24000549316406,149.77000427246094,146.67999267578125,148.86000061035156,78336300.0
2022-05-18,140.82000732421875,140.82000732421875,147.36000061035156,139.89999389648438,146.85000610351562,109742900.0
2022-05-19,137.35000610351562,137.35000610351562,141.66000366210938,136.60000610351562,139.8800048828125,136095600.0
2022-05-20,137.58999633789062,137.58999633789062,140.6999969482422,132.61000061035156,139.08999633789062,137426100.0
2022-05-23,143.11000061035156,143.11000061035156,143.25999450683594,137.64999389648438,137.7899932861328,117726300.0
2022-05-24,140.36000061035156,140.36000061035156,141.97000122070312,137.3300018310547,140.80999755859375,104132700.0
2022-05-25,140.52000427246094,140.52000427246094,141.7899932861328,138.33999633789062,138.42999267578125,92482700.0
2022-05-26,143.77999877929688,143.77999877929688,144.33999633789062,137.13999938964844,137.38999938964844,90601500.0
2022-05-27,149.63999938964844,149.63999938964844,149.67999267578125,145.25999450683594,145.38999938964844,90978500.0
2022-05-31,148.83999633789062,148.83999633789062,150.66000366210938,146.83999633789062,149.07000732421875,103718400.0
2022-06-01,148.7100067138672,148.7100067138672,151.74000549316406,147.67999267578125,149.89999389648438,74286600.0
2022-06-02,151.2100067138672,151.2100067138672,151.27000427246094,146.86000061035156,147.8300018310547,72348100.0
2022-06-03,145.3800048828125,145.3800048828125,147.97000122070312,144.4600067138672,146.89999389648438,88570300.0
2022-06-06,146.13999938964844,146.13999938964844,148.57000732421875,144.89999389648438,147.02999877929688,71598400.0
2022-06-07,148.7100067138672,148.7100067138672,149.0,144.10000610351562,144.35000610351562,67808200.0
2022-06-08,147.9600067138672,147.9600067138672,149.8699951171875,147.4600067138672,148.5800018310547,53950200.0
2022-06-09,142.63999938964844,142.63999938964844,147.9499969482422,142.52999877929688,147.0800018310547,69473000.0
2022-06-10,137.1300048828125,137.1300048828125,140.75999450683594,137.05999755859375,140.27999877929688,91437900.0
2022-06-13,131.8800048828125,131.8800048828125,135.1999969482422,131.44000244140625,132.8699951171875,122207100.0
2022-06-14,132.75999450683594,132.75999450683594,133.88999938964844,131.47999572753906,133.1300048828125,84784300.0
2022-06-15,135.42999267578125,135.42999267578125,137.33999633789062,132.16000366210938,134.2899932861328,91533000.0
2022-06-16,130.05999755859375,130.05999755859375,132.38999938964844,129.0399932861328,132.0800018310547,108123900.0
2022-06-17,131.55999755859375,131.55999755859375,133.0800018310547,129.80999755859375,130.07000732421875,134520300.0
2022-06-21,135.8699951171875,135.8699951171875,137.05999755859375,133.32000732421875,133.4199981689453,81000500.0
2022-06-22,135.35000610351562,135.35000610351562,137.75999450683594,133.91000366210938,134.7899932861328,73409200.0
2022-06-23,138.27000427246094,138.27000427246094,138.58999633789062,135.6300048828125,136.82000732421875,72433800.0
2022-06-24,141.66000366210938,141.66000366210938,141.91000366210938,139.77000427246094,139.89999389648438,89116800.0
2022-06-27,141.66000366210938,141.66000366210938,143.49000549316406,140.97000122070312,142.6999969482422,70207900.0
2022-06-28,137.44000244140625,137.44000244140625,143.4199981689453,137.32000732421875,142.1300048828125,67083400.0
2022-06-29,139.22999572753906,139.22999572753906,140.6699981689453,136.6699981689453,137.4600067138672,66242400.0
2022-06-30,136.72000122070312,136.72000122070312,138.3699951171875,133.77000427246094,137.25,98964500.0
2022-07-01,138.92999267578125,138.92999267578125,139.0399932861328,135.66000366210938,136.0399932861328,71007500.0
2022-07-05,141.55999755859375,141.55999755859375,141.61000061035156,136.92999267578125,137.77000427246094,73353800.0
2022-07-06,142.9199981689453,142.9199981689453,144.1199951171875,141.0800018310547,141.35000610351562,74064300.0
2022-07-07,146.35000610351562,146.35000610351562,146.5500030517578,143.27999877929688,143.2899932861328,66253700.0
2022-07-08,147.0399932861328,147.0399932861328,147.5500030517578,145.0,145.25999450683594,64493200.0
2022-07-11,144.8699951171875,144.8699951171875,146.63999938964844,143.77999877929688,145.6699981689453,63141600.0
2022-07-12,145.86000061035156,145.86000061035156,148.4499969482422,145.0500030517578,145.75999450683594,77588800.0
2022-07-13,145.49000549316406,145.49000549316406,146.4499969482422,142.1199951171875,142.99000549316406,71185600.0
2022-07-14,148.47000122070312,148.47000122070312,148.9499969482422,143.25,144.0800018310547,78140700.0
2022-07-15,150.1699981689453,150.1699981689453,150.86000061035156,148.1999969482422,149.77999877929688,76030800.0
2022-07-18,147.07000732421875,147.07000732421875,151.57000732421875,146.6999969482422,150.74000549316406,81420900.0
2022-07-19,151.0,151.0,151.22999572753906,146.91000366210938,147.9199981689453,82982400.0
2022-07-20,153.0399932861328,153.0399932861328,153.72000122070312,150.3699951171875,151.1199951171875,64823400.0
2022-07-21,155.35000610351562,155.35000610351562,155.57000732421875,151.94000244140625,154.5,65086600.0
2022-07-22,154.08999633789062,154.08999633789062,156.27999877929688,153.41000366210938,155.38999938964844,66625400.0
