Symbol,Name,Close,1H Cloud Score,1D Cloud Score,1W Cloud Score,1M Cloud Score,Cloud Score Sum,1H TKx Score,1D TKx Score,1W TKx Score,1M TKx Score,TKx Score Sum,Total Score Sum
BPCR.L,Biopharma Credit,0.98,27,3,146,38,214,33,4,83,90,210,424
COST.L,Costain Group,260.5,27,85,151,10,273,26,31,44,38,139,412
BUT.L,Brunner Investment Trust,1556.0,-1,47,27,190,263,25,60,18,39,142,405
KLR.L,Keller Group,3352.0,91,7,53,35,186,88,4,48,31,171,357
HILS.L,Hill & Smith,3290.0,81,8,53,45,187,76,1,69,9,155,342
BBY.L,Balfour Beatty,932.0,18,10,136,53,217,-1,2,69,46,116,333
HANA.L,Hansa Investment Company,336.0,13,46,74,33,166,49,36,36,31,152,318
GFRD.L,Galliford Try,695.0,0,10,178,70,258,-9,2,17,40,50,308
LWDB.L,Law Debenture,1234.0,18,0,76,71,165,25,-24,69,70,140,305
JAM.L,JPMorgan American Investment Trust,1228.1,-1,7,55,88,149,-9,3,18,140,152,301
TBCG.L,TBC Bank,5400.0,27,43,26,45,141,19,69,10,62,160,301
ASL.L,Aberforth Smaller Companies Trust,1798.0,62,93,20,35,210,60,2,17,9,88,298
SNR.L,Senior,297.5,8,45,74,17,144,5,83,36,9,133,277
CSN.L,Chesnara,355.5,0,25,74,16,115,19,19,104,9,151,266
TMPL.L,Temple Bar Investment Trust,416.45,18,0,138,48,204,19,-19,19,39,58,262
BNKR.L,Bankers Investment Trust,153.6,77,7,67,17,168,26,2,19,30,77,245
SOI.L,Schroder Oriental Income Fund,460.0,-3,41,73,32,143,2,6,69,15,92,235
BGFD.L,Baillie Gifford Japan Trust,1080.0,0,116,23,15,154,-15,61,19,9,74,228
ATR.L,Schroder Asian Total Return Investment Company,731.0,1,10,65,17,93,3,35,67,29,134,227
TEM.L,Templeton Emerging Markets Investment Trust,330.21,0,10,75,28,113,-20,34,69,30,113,226
CORD.L,Cordiant Digital Infrastructure,125.0,4,11,112,0,127,-3,6,69,22,94,221
PNL.L,Personal Assets Trust,543.54,-24,0,134,88,198,-8,-13,17,25,21,219
SPI.L,Spire Healthcare,245.5,0,97,18,0,115,52,50,18,-21,99,214
HFD.L,Halfords,261.0,65,107,23,2,197,-9,2,19,5,17,214
GROW.L,Molten Ventures,684.5,10,48,54,0,112,18,1,69,12,100,212
MYI.L,Murray International Trust,365.0,-11,0,77,55,121,-18,-15,97,26,90,211
ATT.L,Allianz Technology Trust,758.1,0,10,75,35,120,-16,6,69,32,91,211
AAS.L,Aberdeen Asia Focus,462.82,0,25,75,74,174,-8,-13,22,30,31,205
FSV.L,Fidelity Special Values,467.5,7,1,77,67,152,18,-13,17,30,52,204
CTY.L,City of London Investment Trust,578.0,-1,0,78,35,112,-2,-21,85,29,91,203
NAIT.L,North American Income Trust,427.25,0,0,62,55,117,9,-19,69,25,84,201
AEP.L,AEP Plantations,204.5,-1,30,82,16,127,-2,55,3,16,72,199
USA.L,Baillie Gifford US Growth Trust,380.5,6,19,64,15,104,2,32,26,28,88,192
FEML.L,Fidelity Emerging Markets,1490.0,0,10,76,16,102,-11,1,69,30,89,191
SYNC.L,Syncona,122.77,63,94,15,-62,110,26,35,15,2,78,188
VLX.L,Volex,649.0,15,11,67,16,109,9,38,-1,33,79,188
3IN.L,3i Infrastructure,390.39,-4,113,26,18,153,-9,-1,17,27,34,187
KIE.L,Kier Group,309.2,18,68,15,13,114,18,4,10,35,67,181
ONT.L,Oxford Nanopore Technologies,199.19,85,30,3,0,118,26,38,3,-5,62,180
ATYM.L,Atalaya Mining,1055.0,9,50,75,30,164,9,-12,8,9,14,178
PINT.L,Pantheon Infrastructure,118.0,6,10,78,0,94,-3,21,43,22,83,177
JDW.L,Wetherspoons,821.0,75,78,15,0,168,9,-15,13,2,9,177
BMY.L,Bloomsbury Publishing,637.0,21,-16,24,119,148,27,-13,24,-11,27,175
MNTN.L,Schiehallion Fund,2.15,-2,33,75,9,115,-9,3,43,22,59,174
PHI.L,Pacific Horizon Investment Trust,1132.0,0,7,67,14,88,-27,34,69,9,85,173
RSW.L,Renishaw,5650.0,9,10,53,6,78,18,7,60,8,93,171
CKN.L,Clarkson,5085.0,-2,9,45,34,86,12,1,57,8,78,164
WOSG.L,Watches of Switzerland,685.5,70,-20,27,0,77,63,-30,47,5,85,162
JFJ.L,JPMorgan Japanese Investment Trust,813.0,9,0,77,23,109,-3,1,16,31,45,154
COA.L,Coats Group,81.5,62,0,0,47,109,33,2,3,7,45,154
AGT.L,AVI Global Trust,257.1,-1,-1,0,77,75,53,-7,-1,34,79,154
FEV.L,Fidelity European Trust,426.0,10,-12,2,88,88,27,-17,17,39,66,154
SAGA.L,Saga,645.0,8,0,78,9,95,-9,-27,78,16,58,153
HFG.L,Hilton Food Group,719.0,22,55,3,-13,67,21,54,21,-13,83,150
HFEL.L,Henderson Far East Income,273.5,10,10,57,1,78,27,34,2,9,72,150
MRCH.L,Merchants Trust,664.0,-1,0,53,67,119,18,-15,18,9,30,149
JCH.L,JPMorgan Claverhouse Investment Trust,946.0,-1,0,77,21,97,18,-15,18,27,48,145
JMGI.L,JPMorgan Emerging Markets Growth & Income,169.8,0,7,67,17,91,-11,34,22,9,54,145
MNKS.L,Monks Investment Trust,1638.0,0,7,67,24,98,-7,2,19,30,44,142
JEMI.L,JPMorgan Emerging Markets Dividend Income,216.0,5,26,73,23,127,-17,-2,21,9,11,138
ZIG.L,Zigup,464.5,9,0,53,10,72,9,1,46,10,66,138
MTO.L,Mitie,210.0,-17,50,11,40,84,-36,24,3,62,53,137
POLN.L,Pollen Street Group,904.0,73,5,2,15,95,-3,2,19,23,41,136
NCC.L,NCC Group,144.2,63,3,2,-1,67,55,4,18,-9,68,135
UKW.L,Greencoat UK Wind,114.1,43,86,6,-23,112,25,9,23,-36,21,133
PCGH.L,Polar Capital Global Healthcare Trust,437.5,-1,0,53,78,130,-8,-14,16,9,3,133
EMG.L,Man Group,322.6,-11,11,44,9,53,9,10,53,8,80,133
RS1.L,RS Group,772.0,63,53,14,-33,97,18,6,10,1,35,132
JGGI.L,JPMorgan Global Growth & Income,606.5,10,-15,27,78,100,25,-21,19,9,32,132
NAS.L,North Atlantic Smaller Companies Investment Trust,430.0,55,1,0,5,61,47,1,20,3,71,132
EWI.L,Edinburgh Worldwide Investment Trust,278.52,10,10,66,1,87,-9,29,-1,23,42,129
JEGI.L,JPMorgan European Growth & Income,143.2,0,-16,78,35,97,-9,-22,18,44,31,128
SDP.L,Schroder AsiaPacific Fund,852.75,2,10,67,17,96,-10,-7,19,27,29,125
IAD.L,Invesco Asia Dragon Trust,505.0,0,10,74,17,101,-17,1,19,18,21,122
EDIN.L,Edinburgh Investment Trust,827.0,-3,0,14,48,59,-2,-15,11,69,63,122
TCAP.L,TP ICAP,328.8,0,0,27,23,50,-8,7,30,41,70,120
THRL.L,Target Healthcare REIT,114.6,0,6,40,11,57,-9,10,36,23,60,117
INPP.L,International Public Partnerships,138.4,-3,-6,45,0,36,-2,1,69,8,76,112
FRAS.L,Frasers Group,802.5,63,8,20,0,91,36,-13,19,-22,20,111
MRC.L,Mercantile Investment Trust,278.0,0,0,27,29,56,17,-14,18,30,51,107
ROR.L,Rotork,487.6,7,53,12,3,75,2,7,3,9,21,96
HVPE.L,HarbourVest Global Private Equity,3315.0,0,-17,67,23,73,-8,-22,21,30,21,94
BME.L,B&M,251.4,18,84,2,-32,72,18,6,21,-23,22,94
TFIF.L,Twentyfour Income Fund,108.6,-1,0,0,22,21,26,18,-1,28,71,92
HTWS.L,Helios Towers,213.6,0,6,72,7,85,-19,9,-9,25,6,91
OCI.L,Oakley Capital Investments,518.0,-9,0,2,108,101,-9,-9,12,-4,-10,91
XPP.L,XP Power,2030.0,0,10,37,0,47,-35,32,37,6,40,87
AJB.L,AJ Bell,576.5,-1,-6,20,17,30,19,-12,23,27,57,87
DSCV.L,discoverIE,821.0,9,11,25,0,45,18,1,18,5,42,87
HSL.L,Henderson Smaller Companies Investment Trust,972.0,9,0,26,3,38,18,1,17,9,45,83
MTRO.L,Metro Bank,172.4,-4,0,27,5,28,-9,11,36,17,55,83
PPET.L,Patria Private Equity Trust,604.0,27,-30,2,74,73,1,-44,18,31,6,79
GSCT.L,Global Smaller Companies Trust,190.0,8,-15,53,34,80,-15,-21,19,14,-3,77
RTW.L,RTW Biotech Opportunities,2.32,-4,-5,54,7,52,-28,-21,61,12,24,76
SSIT.L,Seraphim Space Investment Trust,187.4,-1,2,53,0,54,5,2,-10,24,21,75
KNOS.L,Kainos,1219.0,-3,46,8,0,51,3,1,11,9,24,75
SEQI.L,Sequoia Economic Infrastructure Income Fund,84.6,0,-1,25,0,24,25,1,17,8,51,75
ESCT.L,European Smaller Companies Trust,236.5,1,-4,27,34,58,-27,-8,19,31,15,73
PIN.L,Pantheon International,383.0,22,-15,22,17,46,-1,-25,21,31,26,72
PFD.L,Premier Foods,193.9,0,3,2,76,81,-10,3,-1,-1,-9,72
GDWN.L,Goodwin,14320.0,6,-16,-4,50,36,5,-17,3,42,33,69
BOY.L,Bodycote,917.0,-32,39,12,3,22,-28,46,20,9,47,69
LRE.L,Lancashire Holdings,643.5,-1,12,3,5,19,9,18,13,9,49,68
MGAM.L,Morgan Advanced Materials,266.0,9,43,11,-25,38,19,9,18,-17,29,67
FGP.L,FirstGroup,180.7,46,-18,-14,53,67,-1,4,-1,-3,-1,66
FAN.L,Volution Group,655.0,18,0,2,31,51,-9,-16,9,30,14,65
VSVS.L,Vesuvius,469.63,49,1,1,1,52,12,1,-10,8,11,63
OXIG.L,Oxford Instruments,2974.0,9,1,41,9,60,-7,3,-1,8,3,63
DRX.L,Drax Group,810.0,0,18,0,18,36,-1,22,-18,23,26,62
GAMA.L,Gamma Communications,1126.0,0,46,6,-21,31,27,-1,18,-14,30,61
CLDN.L,Caledonia Investments,379.0,-6,0,-11,78,61,1,-13,-10,21,-1,60
GCP.L,GCP Infrastructure Investments,83.0,-8,24,26,0,42,-18,15,18,3,18,60
HWG.L,Harworth Group,186.4,0,39,9,2,50,1,8,6,-6,9,59
HRI.L,Herald Investment Trust,2950.0,5,-30,58,23,56,-6,-21,-1,31,3,59
HBR.L,Harbour Energy,262.0,-12,18,12,0,18,-21,50,3,7,39,57
ICGT.L,ICG Enterprise Trust,1370.0,-41,-12,0,76,23,4,-12,9,33,34,57
MOON.L,Moonpig,267.2,19,0,15,0,34,-10,-12,40,4,22,56
BPT.L,Bridgepoint Group,321.4,18,0,10,0,28,18,1,14,-7,26,54
BRWM.L,BlackRock World Mining Trust,955.0,-19,29,61,13,84,-36,-12,6,9,-33,51
WWH.L,Worldwide Healthcare Trust,380.0,0,0,15,12,27,11,-15,14,9,19,46
AVON.L,Avon Technologies,1804.0,-1,0,0,0,-1,9,2,9,27,47,46
MUT.L,Murray Income Trust,975.0,0,-6,3,21,18,26,-28,12,16,26,44
HMSO.L,Hammerson,340.4,-12,-15,56,0,29,-9,-21,15,28,13,42
WIX.L,Wickes,206.5,18,6,-8,0,16,18,3,-23,26,24,40
CHG.L,Chemring Group,539.0,6,-21,14,40,39,-27,-26,23,31,1,40
ELM.L,Elementis,174.8,-3,0,11,18,26,-9,-22,11,33,13,39
CMCX.L,CMC Markets,658.0,-34,0,46,9,21,-39,-7,37,26,17,38
CURY.L,Currys,146.2,-4,-16,20,17,17,11,-31,15,25,20,37
IPO.L,IP Group,72.8,1,10,27,0,38,-35,3,20,9,-3,35
OSB.L,OSB Group,508.5,-1,-38,0,17,-22,18,10,4,24,56,34
JEDT.L,JPMorgan European Discovery,625.0,-10,-4,2,23,11,-8,2,-2,30,22,33
NBPE.L,Neuberger Private Equity Partners,1460.0,36,0,2,0,38,-1,2,11,-18,-6,32
ASHM.L,Ashmore Group,215.2,-3,0,0,0,-3,18,1,6,9,34,31
GNC.L,Greencore,246.6,3,0,0,18,21,-9,-17,6,30,10,31
TRIG.L,The Renewables Infrastructure Group,79.4,25,55,3,-45,38,18,10,18,-53,-7,31
DOM.L,Domino's Pizza,212.4,27,9,0,-32,4,19,18,10,-22,25,29
APN.L,Applied Nutrition,274.0,1,-12,25,0,14,18,-26,19,0,11,25
HICL.L,HICL Infrastructure Company,132.8,-17,-14,27,-1,-5,9,-20,36,5,30,25
GRG.L,Greggs,1868.0,22,3,2,-21,6,21,1,10,-16,16,22
FCH.L,Funding Circle,183.4,-36,-6,28,10,-4,10,-21,13,23,25,21
UEM.L,Utilico Emerging Markets,282.0,0,-35,0,54,19,8,8,-23,9,2,21
JUP.L,Jupiter Fund Management,165.8,0,2,0,0,2,22,-15,2,9,18,20
MAB.L,Mitchells & Butlers,278.5,18,3,3,3,27,-8,-15,6,9,-8,19
BYIT.L,Bytes Technology Group,442.8,-4,9,3,0,8,9,5,18,-21,11,19
PINE.L,Pinewood Technologies,446.5,-40,67,7,-1,33,1,-3,9,-21,-14,19
RCP.L,RIT Capital Partners,2515.0,-1,0,25,3,27,-18,-18,18,9,-9,18
CWK.L,Cranswick,5070.0,-25,-24,-4,35,-18,18,-12,-5,35,36,18
MEGP.L,ME Group International,121.4,15,2,1,0,18,18,-7,-4,-7,0,18
FSG.L,Foresight Group,435.79,0,-9,14,0,5,18,-20,19,-7,10,15
IHP.L,IntegraFin Holdings,369.5,0,-5,18,0,13,-8,-14,18,3,-1,12
FOUR.L,4imprint,4510.0,0,0,9,0,9,9,2,10,-19,2,11
TRST.L,Trustpilot,215.6,0,-11,14,0,3,3,-15,29,-10,7,10
PAF.L,Pan African Resources,117.4,-21,28,0,32,39,-36,-5,-18,30,-29,10
BRGE.L,BlackRock Greater Europe Investment Trust,596.0,9,-15,2,6,2,5,-20,18,5,8,10
CWR.L,Ceres Power,395.0,-16,-4,53,0,33,-30,6,-9,9,-24,9
GFTU.L,Grafton Group,991.6,18,0,12,4,34,-8,-12,10,-15,-25,9
BREE.L,Breedon Group,332.8,18,0,0,-1,17,11,-17,8,-10,-8,9
DOCS.L,Dr. Martens,69.3,18,-17,-4,0,-3,9,-19,12,9,11,8
JMAT.L,Johnson Matthey,2364.0,13,-31,0,-2,-20,19,3,-6,9,25,5
OXB.L,Oxford Biomedica,509.0,49,-48,-11,0,-10,19,3,-29,17,10,0
SHC.L,Shaftesbury Capital,138.0,-5,-5,0,0,-10,-9,-15,8,26,10,0
VEIL.L,Vietnam Enterprise Investments,734.0,-14,0,0,15,1,-14,29,-29,9,-5,-4
VCT.L,Victrex,916.0,-36,60,6,-57,-27,9,55,12,-53,23,-4
OCDO.L,Ocado Group,247.59,26,43,0,-52,17,32,2,3,-59,-22,-5
HIK.L,Hikma Pharmaceuticals,1604.0,0,0,0,-13,-13,1,3,15,-11,8,-5
SRP.L,Serco,251.6,-11,0,0,18,7,-9,-1,-20,16,-14,-7
XPS.L,XPS Pensions,302.5,-1,-18,-8,39,12,1,-26,10,-5,-20,-8
BWY.L,Bellway,2246.0,18,2,-31,-7,-18,18,2,4,-15,9,-9
MGNS.L,Morgan Sindall Group,4306.0,18,-47,-5,48,14,-1,-51,-5,33,-24,-10
PAGE.L,Michael Page,213.7,-3,56,1,-33,21,-9,-7,6,-24,-34,-13
IWG.L,International Workplace Group,174.3,0,-21,-10,-1,-32,3,-9,-1,26,19,-13
ATG.L,Auction Technology Group,439.6,6,0,0,0,6,-8,6,26,-43,-19,-13
SAIN.L,Scottish American Investment Company,550.0,-16,0,25,6,15,-37,-20,19,9,-29,-14
BAG.L,A.G. Barr,578.0,-9,-40,-9,9,-49,27,-1,-23,32,35,-14
CGT.L,Capital Gearing Trust,513.0,-1,-13,-18,15,-17,7,-19,-10,23,1,-16
SCT.L,Softcat,1803.0,-46,-5,19,5,-27,10,-13,20,-7,10,-17
PSN.L,Persimmon,1337.5,18,10,1,-54,-25,18,2,3,-15,8,-17
GNS.L,Genus,2184.0,9,0,-18,0,-9,12,-12,-23,12,-11,-20
TATE.L,Tate & Lyle,558.5,0,0,17,-40,-23,-22,21,19,-15,3,-20
SVS.L,Savills,1013.0,-1,0,8,-1,6,-7,-14,8,-15,-28,-22
RICA.L,Ruffer Investment Company,295.41,-46,-2,0,16,-32,7,-2,-14,15,6,-26
PRN.L,Princes Group,329.5,-1,0,0,0,-1,-8,5,-24,0,-27,-28
RHIM.L,RHI Magnesita,2830.0,-9,-4,2,-4,-15,-22,-1,17,-10,-16,-31
WPP.L,WPP,382.3,-1,47,0,-38,8,-8,4,10,-47,-41,-33
N91.L,Ninety One,207.6,-1,-6,0,0,-7,9,-19,-26,9,-27,-34
AIE.L,Ashoka India Equity Investment Trust,248.0,-18,0,0,22,4,-27,-13,12,-12,-40,-36
HTG.L,Hunting,393.5,-1,-27,-3,11,-20,9,-21,-12,8,-16,-36
PTEC.L,Playtech,378.8,-52,0,0,-17,-69,7,28,5,-8,32,-37
QLT.L,Quilter,177.4,-45,-21,0,17,-49,9,-23,-1,27,12,-37
HOC.L,Hochschild Mining,519.29,-46,-1,-1,25,-23,-41,-5,2,30,-14,-37
QQ.L,Qinetiq,483.0,-27,-3,3,34,7,-57,-21,9,25,-44,-37
TW.L,Taylor Wimpey,88.0,18,2,-31,-16,-27,-2,2,1,-16,-15,-42
CBG.L,Close Brothers Group,442.8,9,1,1,-57,-46,18,-28,-2,7,-5,-51
SSPG.L,SSP Group,187.3,18,-13,2,-70,-63,18,-22,11,4,11,-52
CVSG.L,CVS Group,1251.0,-36,0,-2,-32,-70,9,-7,7,9,18,-52
PAG.L,Paragon Banking Group,745.0,-47,-8,-4,35,-24,-9,-26,9,-5,-31,-55
BKG.L,Berkeley Group Holdings,3369.0,4,-16,-30,0,-42,-9,1,5,-12,-15,-57
DNLM.L,Dunelm Group,801.0,18,-16,-38,-9,-45,9,-21,5,-7,-14,-59
PETS.L,Pets at Home,213.8,18,3,0,-33,-12,10,-14,6,-49,-47,-59
BRSC.L,BlackRock Smaller Companies Trust,266.5,10,-15,-18,-1,-24,27,-21,-23,-18,-35,-59
FGEN.L,Foresight Environmental Infrastructure,87.4,-22,0,21,-40,-41,-15,3,31,-38,-19,-60
VOF.L,VinaCapital Vietnam Opportunity Fund,427.0,-22,-12,0,0,-34,-17,-7,-15,9,-30,-64
EWG.L,Eurowag,94.2,0,-35,-3,0,-38,9,-21,-25,10,-27,-65
SHAW.L,Shawbrook Bank,307.0,-6,-17,0,0,-23,-9,-35,-1,0,-45,-68
GEN.L,Genuit Group,293.0,0,2,-31,-50,-79,18,2,4,-14,10,-69
RPI.L,Raspberry Pi Holdings,645.5,-2,-2,25,0,21,-18,-70,-3,0,-91,-70
AO.L,AO World,88.9,-2,-21,-31,0,-54,21,-22,-2,-13,-16,-70
FCSS.L,Fidelity China Special Situations,251.5,0,-17,-16,0,-33,-9,-21,-23,16,-37,-70
JSG.L,Johnson Service Group,136.7,1,-36,-4,5,-34,-9,-30,-4,4,-39,-73
WIZZ.L,Wizz Air,1067.0,72,-21,-13,-53,-15,25,-30,-1,-52,-58,-73
GPE.L,Great Portland Estates,315.4,12,-17,-4,-56,-65,-8,-23,11,9,-11,-76
WKP.L,Workspace Group,369.8,13,2,-31,-61,-77,18,-6,4,-16,0,-77
BOWL.L,Hollywood Bowl Group,249.0,0,-17,-4,0,-21,-9,-34,-2,-13,-58,-79
TPK.L,Travis Perkins,617.5,18,0,0,-52,-34,-6,2,7,-52,-49,-83
HGT.L,Hg Capital Trust,385.0,-50,-5,-5,0,-60,-12,-12,7,-8,-25,-85
HAS.L,Hays,63.5,-2,0,8,-59,-53,18,-11,12,-51,-32,-85
TRN.L,Trainline,191.2,-45,-29,-7,-11,-92,-9,3,21,-12,3,-89
INCH.L,Inchcape,749.0,-45,-8,0,0,-53,-40,-8,-1,9,-40,-93
PLUS.L,Plus500,3402.0,-44,-56,-5,66,-39,-18,-61,-6,27,-58,-97
VTY.L,Vistry Group,267.8,18,-1,-31,-24,-38,-8,-14,-25,-16,-63,-101
SUPR.L,Supermarket Income REIT,83.3,-11,-8,3,-34,-50,-27,-36,-1,11,-53,-103
PHP.L,Primary Health Properties,91.45,-30,-5,-14,-7,-56,-36,-23,3,8,-48,-104
BHMG.L,BH Macro,412.0,-53,-6,-2,9,-52,-49,-11,-10,17,-53,-105
ROSE.L,Rosebank Industries,310.0,-37,-12,0,0,-49,-37,-17,-6,-2,-62,-111
FGT.L,Finsbury Growth & Income Trust,767.0,-46,-4,-4,0,-54,-44,-13,10,-11,-58,-112
MONY.L,MONY Group,176.5,-46,-6,0,-26,-78,-12,-21,19,-24,-38,-116
RAT.L,Rathbones,1556.0,-43,-18,-16,-4,-81,-1,-20,-23,9,-35,-116
RMV.L,Rightmove,442.2,-46,-4,-48,-11,-109,-9,-15,10,-5,-19,-128
ALFA.L,Alfa Financial Software,154.6,-44,-8,-35,0,-87,-9,-34,4,-4,-43,-130
SRE.L,Sirius Real Estate,88.4,-51,-21,-4,-1,-77,-36,-26,-4,12,-54,-131
DLN.L,Derwent London,1796.0,-5,-15,2,-56,-74,-1,-29,17,-51,-64,-138
SAFE.L,Safestore,525.0,0,-24,-21,-33,-78,-3,-29,-28,-7,-67,-145
TEP.L,Telecom Plus,804.0,-2,-8,-48,-11,-69,-1,-21,-52,-7,-81,-150
BYG.L,Big Yellow Group,815.5,-1,-21,-30,-23,-75,-6,-22,-31,-16,-75,-150
DATA.L,GlobalData,57.5,-7,-18,-74,-15,-114,-2,-20,-8,-19,-49,-163
PPH.L,PPHE Hotel Group,1481.0,-23,-62,-11,12,-84,-33,-67,-8,26,-82,-166
ENOG.L,Energean,711.0,-63,-4,-22,-11,-100,-26,-5,-2,-36,-69,-169
TRY.L,TR Property Investment Trust,280.63,-41,-34,-8,-7,-90,-36,-30,-23,9,-80,-170
UTG.L,Unite Group,471.0,6,-21,-105,-30,-150,13,-26,-1,-23,-37,-187
SMWH.L,WHSmith,380.0,16,-21,-85,-24,-114,18,-26,-31,-36,-75,-189
GRI.L,Grainger,167.5,7,-5,-105,-49,-152,10,-31,6,-22,-37,-189
THG.L,THG,26.24,-29,-14,-24,0,-67,-38,-14,-29,-48,-129,-196
MNDI.L,Mondi,800.0,-30,0,-8,-56,-94,-36,-18,4,-53,-103,-197
ITV.L,ITV,67.8,-48,-60,-13,-2,-123,-8,-66,-21,17,-78,-201
PEY.L,Partners Group Private Equity,6.73,-127,-12,-29,-4,-172,12,-13,-33,-2,-36,-208
RNK.L,Rank Group,75.4,-85,-16,-6,-1,-108,-100,-16,18,-4,-102,-210
PNN.L,Pennon Group,441.8,-17,-99,-11,-57,-184,-8,-12,-23,1,-42,-226
BCG.L,Baltic Classifieds,2.03,-99,-26,-54,0,-179,-36,-23,9,-10,-60,-239
SEIT.L,SDCL Efficiency Income Trust,33.35,-21,-33,-37,-17,-108,-37,-29,-35,-42,-143,-251
ENT.L,Entain,425.6,-74,-44,-38,-37,-193,-36,-35,-7,-5,-83,-276
