Symbol,Name,Close,1H Cloud Score,4H Cloud Score,1D Cloud Score,1W Cloud Score,1M Cloud Score,Cloud Score Sum,1H TKx Score,4H TKx Score,1D TKx Score,1W TKx Score,1M TKx Score,TKx Score Sum,Total Score Sum
USD_TRY,USD/TRY,49.2,423,423,423,347,159,1775,475,475,379,240,183,1752,3527
EUR_TRY,EUR/TRY,55.11,-131,-36,0,345,159,337,-6,-50,-11,85,161,179,516
NAS100_USD,US Nas 100,31227.2,0,89,26,77,194,386,3,33,10,19,37,102,488
SPX500_USD,US SPX 500,7811.4,0,23,51,76,191,341,1,19,8,19,39,86,427
JP225_USD,Japan 225,69456.5,-14,37,6,72,78,179,-24,33,10,70,42,131,310
USD_DKK,USD/DKK,6.67,20,115,14,3,-20,132,20,116,19,28,-13,170,302
ESPIX_EUR,Spain 35,19151.4,-7,-26,-6,197,41,199,-9,-26,-24,105,40,86,285
JP225Y_JPY,Japan 225 (JPY),69431.5,-14,37,6,72,78,179,-24,33,10,70,15,104,283
NL25_EUR,Netherlands 25,1119.43,0,17,10,57,79,163,-13,11,8,70,40,116,279
AUD_NZD,AUD/NZD,1.24,0,18,30,60,15,123,-1,19,39,60,23,140,263
GBP_NZD,GBP/NZD,2.36,-8,46,23,6,43,110,-12,52,21,16,41,118,228
XCU_USD,Copper,6.66,4,1,4,54,22,85,10,14,22,23,31,100,185
SUGAR_USD,Sugar,0.2,53,13,47,7,0,120,49,26,3,7,-27,58,178
SOYBN_USD,Soybeans,12.92,28,0,41,40,0,109,-1,9,-3,50,6,61,170
AUD_CAD,AUD/CAD,0.99,-8,1,5,57,14,69,7,16,-4,70,10,99,168
GBP_CAD,GBP/CAD,1.88,-18,54,0,18,30,84,4,-1,7,21,41,72,156
SGD_JPY,SGD/JPY,123.39,-3,22,-10,66,61,136,-18,28,1,-3,12,20,156
AUD_JPY,AUD/JPY,109.97,-3,0,-12,53,59,97,-18,17,-21,70,10,58,155
NATGAS_USD,Natural Gas,3.19,77,8,4,-34,-9,46,79,15,1,3,-1,97,143
SG30_SGD,Singapore 30,506.06,-24,-8,-1,132,26,125,-24,-1,-20,20,29,4,129
US30_USD,US Wall St 30,51196.8,-15,0,-18,68,79,114,-20,-1,-25,19,40,13,127
BCO_USD,Brent Crude Oil,104.94,6,10,29,34,4,83,-3,1,30,4,8,40,123
EU50_EUR,Europe 50,6182.9,-14,-34,-8,97,72,113,-23,-3,-25,19,40,8,121
GBP_CHF,GBP/CHF,1.1,0,-2,90,9,-67,30,-16,10,90,22,-19,87,117
UK100_GBP,UK 100,10469.0,-10,-41,-7,78,59,79,-24,-2,-28,20,67,33,112
AUD_CHF,AUD/CHF,0.58,0,0,64,34,-45,53,4,11,-6,43,2,54,107
US2000_USD,US Russ 2000,2795.34,-25,-5,-21,61,33,43,-28,-2,-28,68,28,38,81
CH20_CHF,Switzerland 20,13835.2,5,-7,-8,54,30,74,-15,1,-29,19,29,5,79
DE30_EUR,Germany 30,25095.2,-13,-11,-8,21,72,61,-20,-1,-21,20,40,18,79
USD_JPY,USD/JPY,157.86,-3,22,-34,4,61,50,-17,28,9,-3,10,27,77
ZAR_JPY,ZAR/JPY,9.5,-9,-30,-12,60,18,27,-20,9,-22,68,10,45,72
USD_ZAR,USD/ZAR,16.62,9,65,6,0,-6,74,-3,-4,19,-9,-10,-7,67
EUR_NZD,EUR/NZD,2.0,-21,-11,23,0,25,16,2,-21,23,1,46,51,67
WHEAT_USD,Wheat,6.74,-4,-2,0,34,0,28,-9,18,-13,37,4,37,65
AU200_AUD,Australia 200,8660.2,-14,4,-22,0,73,41,-25,19,-27,-1,40,6,47
AUD_USD,AUD/USD,0.7,0,0,-9,59,0,50,-21,15,-13,-2,10,-11,39
USD_CHF,USD/CHF,0.83,39,0,21,3,-44,19,-1,11,26,23,-40,19,38
CHF_JPY,CHF/JPY,189.68,-16,0,-61,0,64,-13,-7,-2,-26,-11,76,30,17
CORN_USD,Corn,4.88,23,-66,41,9,0,7,-6,8,-7,6,3,4,11
GBP_JPY,GBP/JPY,208.67,-12,0,-27,0,56,17,-18,19,-24,-4,13,-14,3
GBP_USD,GBP/USD,1.32,-17,-7,-13,-3,27,-13,-18,8,-23,7,39,13,0
CAD_JPY,CAD/JPY,110.75,-3,-5,-27,0,61,26,-15,9,-23,-11,8,-32,-6
EUR_JPY,EUR/JPY,176.97,-16,-53,-27,0,68,-28,-20,3,-24,-10,69,18,-10
FR40_EUR,France 40,7779.6,-22,-29,-23,-1,72,-3,-15,-40,-30,-1,70,-16,-19
WTICO_USD,West Texas Oil,91.2,0,-42,28,32,2,20,-4,-41,-4,1,2,-46,-26
CAD_CHF,CAD/CHF,0.58,0,-28,64,1,-48,-11,-9,8,-5,18,-45,-33,-44
EUR_CAD,EUR/CAD,1.6,-27,-28,-6,0,28,-33,4,-22,-38,-1,42,-15,-48
CHINAH_HKD,China H Shares,8093.6,2,-33,0,-5,0,-36,-19,-2,-26,5,25,-17,-53
HK33_HKD,Hong Kong 33,24021.4,-11,-35,-5,-1,18,-34,-18,-4,-27,5,25,-19,-53
GBP_AUD,GBP/AUD,1.9,-13,0,-6,-46,28,-37,-17,-16,7,10,-9,-25,-62
XAU_USD,Gold,4137.67,-18,-65,-9,-2,48,-46,2,-14,-21,-24,39,-18,-64
NZD_JPY,NZD/JPY,88.52,-13,-7,-27,-1,0,-48,-18,9,-26,-5,9,-31,-79
USD_SGD,USD/SGD,1.28,0,8,0,-10,-36,-38,-1,-9,13,-6,-41,-44,-82
USD_NOK,USD/NOK,9.56,-2,0,0,-79,-15,-96,16,-10,13,-5,-13,1,-95
USB02Y_USD,US 2Y T-Note,101.93,8,6,-31,-22,-2,-41,4,-4,-30,-23,-2,-55,-96
NZD_CAD,NZD/CAD,0.8,1,-31,-24,-5,-3,-62,4,-1,-27,-1,-23,-48,-110
XAG_USD,Silver,60.38,-24,-61,-9,-13,32,-75,-21,-5,-21,-28,39,-36,-111
USD_MXN,USD/MXN,17.96,-14,0,12,0,-19,-21,-6,-14,16,-78,-10,-92,-113
EUR_GBP,EUR/GBP,0.85,-27,-42,-7,-2,-7,-85,8,-43,-1,-37,14,-59,-144
XPT_USD,Platinum,1647.69,-37,-65,-9,-7,18,-100,-21,-10,-12,-28,17,-54,-154
NZD_CHF,NZD/CHF,0.47,0,-30,-6,0,-53,-89,-16,4,-22,13,-52,-73,-162
EUR_AUD,EUR/AUD,1.61,-20,-20,-35,-38,0,-113,2,-23,7,-43,-8,-65,-178
CN50_USD,China A50,13970.5,2,-51,-65,-1,0,-115,1,-51,-34,-7,14,-77,-192
USB05Y_USD,US 5Y T-Note,103.64,4,0,-73,-22,-56,-147,4,-13,-30,-37,-2,-78,-225
USB10Y_USD,US 10Y T-Note,104.53,0,-2,-68,-22,-56,-148,4,-13,-30,-37,-3,-79,-227
EUR_USD,EUR/USD,1.12,-20,-115,-14,-3,19,-133,-20,-116,-21,-28,13,-172,-305
DE10YB_EUR,Bund,121.39,-23,28,-67,-32,-56,-150,1,-3,-40,-61,-66,-169,-319
UK10YB_GBP,UK 10Y Gilt,83.75,-9,-31,-44,-32,-59,-175,-23,-2,-36,-24,-65,-150,-325
XPD_USD,Palladium,1134.35,-128,-66,-12,-19,-2,-227,-21,-67,-21,-28,-1,-138,-365
USB30Y_USD,US T-Bond,102.11,-27,-64,-67,-31,-56,-245,4,-16,-21,-32,-66,-131,-376
NZD_USD,NZD/USD,0.56,0,-162,-19,-4,-45,-230,-18,-128,-25,-2,-23,-196,-426
