Date,Symbol,Name,Close,1W Chikou Direction,1W Chikou Count,1W Chikou State
2026-09-21,III.L,3i,2667.0,0,-46,below chikou
2026-09-21,WTB.L,Whitbread,2347.0,0,-44,below chikou
2026-09-21,BRBY.L,Burberry Group,1018.0,0,-36,below chikou
2026-09-21,SN.L,Smith & Nephew,1006.0,-1,-33,below chikou
2026-09-21,MRO.L,Melrose Industries,473.2,0,-31,below chikou
2026-09-21,PSH.L,Pershing Square Holdings,3720.0,-1,-30,below chikou
2026-09-21,RKT.L,Reckitt,4908.0,-1,-29,below chikou
2026-09-21,STJ.L,St. James's Place,1071.0,-1,-28,below chikou
2026-09-21,IMB.L,Imperial Brands,2435.0,-1,-24,below chikou
2026-09-21,BAB.L,Babcock International,985.4,-1,-23,below chikou
2026-09-21,WEIR.L,Weir,2646.0,0,-22,below chikou
2026-09-21,PRU.L,Prudential plc,944.0,-1,-17,below chikou
2026-09-21,FRES.L,Fresnillo plc,2872.0,0,-14,below chikou
2026-09-21,RTO.L,Rentokil Initial,309.3,-1,-14,below chikou
2026-09-21,AAF.L,Airtel Africa,300.4,-1,-12,below chikou
2026-09-21,HWDN.L,Howdens Joinery,760.0,0,-12,below chikou
2026-09-21,AZN.L,AstraZeneca,12494.0,-1,-12,below chikou
2026-09-21,CNA.L,Centrica,147.5,-1,-11,below chikou
2026-09-21,LMP.L,LondonMetric Property,178.3,0,-10,below chikou
2026-09-21,HLN.L,Haleon,342.9,-1,-9,below chikou
2026-09-21,NG.L,National Grid plc,1130.0,-1,-8,below chikou
2026-09-21,SSE.L,SSE plc,2462.0,0,-8,below chikou
2026-09-21,BATS.L,British American Tobacco,4183.0,-1,-7,below chikou
2026-09-21,GSK.L,GSK plc,1856.0,-1,-7,below chikou
2026-09-21,BBOX.L,Tritax Big Box REIT,146.8,0,-6,below chikou
2026-09-21,HLMA.L,Halma plc,3480.0,-1,-6,below chikou
2026-09-21,BA.L,BAE Systems,1973.0,-1,-5,below chikou
2026-09-21,CTEC.L,Convatec,210.2,-1,-4,below chikou
2026-09-21,LSEG.L,London Stock Exchange Group,8222.0,-1,-3,below chikou
2026-09-21,REL.L,RELX,2525.0,0,-3,below chikou
2026-09-21,IGG.L,IG Group,1301.0,-1,-1,below chikou
2026-09-21,CCH.L,Coca-Cola HBC,4388.0,1,1,above chikou
2026-09-21,TSCO.L,Tesco,474.1,1,1,above chikou
2026-09-21,SVT.L,Severn Trent,3057.0,1,1,above chikou
2026-09-21,ULVR.L,Unilever,4671.0,1,1,above chikou
2026-09-21,ANTO.L,Antofagasta plc,3731.0,1,1,above chikou
2026-09-21,KGF.L,Kingfisher plc,327.2,1,1,above chikou
2026-09-21,EDV.L,Endeavour Mining,4516.0,1,1,above chikou
2026-09-21,SBRY.L,Sainsbury's,337.0,1,1,above chikou
2026-09-21,BTRW.L,Barratt Redrow,308.2,1,2,above chikou
2026-09-21,SMIN.L,Smiths Group,2809.0,1,2,above chikou
2026-09-21,SDR.L,Schroders,588.5,1,2,above chikou
2026-09-21,SPX.L,Spirax Group,7035.0,1,2,above chikou
2026-09-21,MKS.L,Marks & Spencer,374.6,1,3,above chikou
2026-09-21,DGE.L,Diageo,1643.5,1,4,above chikou
2026-09-23,IAG.L,International Airlines Group,436.5,1,4,above chikou
2026-09-21,AUTO.L,Autotrader Group,455.8,0,7,above chikou
2026-09-21,SGE.L,Sage Group,1000.5,1,8,above chikou
2026-09-21,ICG.L,ICG,1857.0,1,8,above chikou
2026-09-21,EXPN.L,Experian,2622.0,0,8,above chikou
2026-09-21,AV.L,Aviva,698.8,1,10,above chikou
2026-09-21,MTLN.L,Metlen Energy & Metals,48.3,1,11,above chikou
2026-09-21,ABF.L,Associated British Foods,1859.5,1,11,above chikou
2026-09-21,NWG.L,NatWest Group,693.2,1,14,above chikou
2026-09-21,INF.L,Informa,877.0,1,14,above chikou
2026-09-21,GAW.L,Games Workshop,17570.0,0,15,above chikou
2026-09-21,NXT.L,Next plc,14560.0,1,16,above chikou
2026-09-21,BLND.L,British Land,396.6,1,16,above chikou
2026-09-21,CCEP.L,Coca-Cola Europacific Partners,7610.0,1,16,above chikou
2026-09-21,EZJ.L,EasyJet,674.2,1,16,above chikou
2026-09-21,CPG.L,Compass Group,29.44,1,18,above chikou
2026-09-21,JD.L,JD Sports,77.24,1,18,above chikou
2026-09-21,LAND.L,Land Securities,617.0,1,19,above chikou
2026-09-21,CRDA.L,Croda International,3226.0,1,19,above chikou
2026-09-21,SGRO.L,Segro,943.0,1,19,above chikou
2026-09-21,ADM.L,Admiral Group,3600.0,1,20,above chikou
2026-09-21,ITRK.L,Intertek,5860.0,1,20,above chikou
2026-09-21,PSON.L,Pearson plc,1222.0,1,21,above chikou
2026-09-21,ABDN.L,Aberdeen Group,245.2,1,21,above chikou
2026-09-21,BNZL.L,Bunzl,2638.0,1,21,above chikou
2026-09-21,ALW.L,Alliance Witan,1382.0,1,24,above chikou
2026-09-21,DCC.L,DCC Energy,6430.0,1,25,above chikou
2026-09-21,RR.L,Rolls-Royce Holdings,1484.4,1,25,above chikou
2026-09-21,INVP.L,Investec,616.0,1,26,above chikou
2026-09-21,DPLM.L,Diploma,7740.0,1,28,above chikou
2026-09-21,BEZ.L,Beazley,1306.0,1,36,above chikou
2026-09-21,ITH.L,Ithaca Energy,286.0,1,39,above chikou
2026-09-21,LGEN.L,Legal & General,297.2,1,40,above chikou
2026-09-21,BP.L,BP,559.2,0,51,above chikou
2026-09-21,SHEL.L,Shell plc,3614.0,1,51,above chikou
2026-09-21,RIO.L,Rio Tinto,7081.0,1,52,above chikou
2026-09-21,GLEN.L,Glencore,558.2,1,53,above chikou
2026-09-21,IHG.L,IHG Hotels & Resorts,156.8,1,54,above chikou
2026-09-21,AAL.L,Anglo American plc,4053.0,1,55,above chikou
2026-09-21,FCIT.L,F & C Investment Trust,345.2,1,57,above chikou
2026-09-21,SMT.L,Scottish Mortgage Investment Trust,1573.62,1,57,above chikou
2026-09-21,PCT.L,Polar Capital Technology Trust,697.0,1,66,above chikou
2026-09-21,VOD.L,Vodafone Group,125.5,1,71,above chikou
2026-09-21,CCC.L,Computacenter,5405.0,1,74,above chikou
2026-09-21,MNG.L,M&G,327.2,1,74,above chikou
2026-09-21,IMI.L,IMI,3118.0,1,74,above chikou
2026-09-21,UU.L,United Utilities,1400.0,1,77,above chikou
2026-09-21,HSX.L,Hiscox,1867.0,1,79,above chikou
2026-09-21,SDLF.L,Standard Life,891.5,1,79,above chikou
2026-09-21,LLOY.L,Lloyds Banking Group,108.95,1,87,above chikou
2026-09-21,BGEO.L,Lion Finance Group,14510.0,1,97,above chikou
2026-09-21,STAN.L,Standard Chartered,2311.0,1,126,above chikou
2026-09-21,HSBA.L,HSBC,1512.3,1,127,above chikou
2026-09-21,BARC.L,Barclays,464.15,0,136,above chikou
