Datetime,Symbol,Name,Close,1W Chikou Direction,1W Chikou Count,1W Chikou State
2026-08-20,STXUSD,STXUSD,0.2333,0,-84,below chikou
2026-08-20,APTUSD,Aptos,0.6165,-1,-79,below chikou
2026-08-20,SHIBUSD,SHIBUSD,5.51e-06,-1,-76,below chikou
2026-08-20,SHIBUSD,SHIB/USD,5.51e-06,-1,-76,below chikou
2026-08-20,KASUSD,KASUSD,0.02964,0,-46,below chikou
2026-08-20,DOTUSD,DOTUSD,0.9172,-1,-46,below chikou
2026-08-20,PEPEUSD,PEPE/USD,4.145e-06,0,-45,below chikou
2026-08-20,ADAUSD,ADAUSD,0.223234,-1,-44,below chikou
2026-08-20,ETCUSD,Ethereum Classic,7.878,-1,-44,below chikou
2026-08-20,AVAXUSD,AVAXUSD,7.583,-1,-44,below chikou
2026-08-20,DOGEUSD,DOGEUSD,0.0918403,0,-42,below chikou
2026-08-20,ICPUSD,ICPUSD,2.436,0,-41,below chikou
2026-08-20,LTCUSD,LTCUSD,52.71,0,-40,below chikou
2026-08-20,LTCUSD,LTCUSD,52.71,0,-40,below chikou
2024-08-29,MATICUSD,MATIC/USD,0.4118,-1,-17,below chikou
2026-08-20,DAIUSD,DAIUSD,0.99991,0,-7,below chikou
2026-08-20,FETUSD,FETUSD,0.1767,1,1,above chikou
2026-08-20,UNIUSD,UNIUSD,4.3392,1,1,above chikou
2026-08-20,XLMUSD,Stellar ,0.197171,1,1,above chikou
2026-08-20,TONUSD,TONUSD,1.486,1,1,above chikou
2026-08-20,SOLUSD,SOLUSD,96.84,1,1,above chikou
2026-08-20,XRPUSD,XRPUSD,1.5157,1,1,above chikou
2026-08-20,BTCUSD,BTCUSD,79507.3,1,1,above chikou
2026-08-20,LINKUSD,LINK/USD,11.64378,1,2,above chikou
2026-08-20,ETHUSD,ETHUSD,2492.78,1,2,above chikou
2026-08-20,XMRUSD,Monero ,425.86,1,3,above chikou
2026-08-20,NEARUSD,NEAR/USD,2.0127,1,14,above chikou
2026-08-20,TRXUSD,TRXUSD,0.343521,1,19,above chikou
