Datetime,Symbol,Name,Close,1D Chikou Direction,1D Chikou Count,1D Chikou State
2024-09-02,MATICUSD,MATIC/USD,0.4118,0,-6,below chikou
2026-08-24,DAIUSD,DAIUSD,0.99991,0,-4,below chikou
2026-08-24,TONUSD,TONUSD,1.486,1,2,above chikou
2026-08-24,KASUSD,KASUSD,0.02964,1,4,above chikou
2026-08-24,APTUSD,Aptos,0.6165,1,4,above chikou
2026-08-24,UNIUSD,UNIUSD,4.3392,1,4,above chikou
2026-08-24,NEARUSD,NEAR/USD,2.0127,1,4,above chikou
2026-08-24,FETUSD,FETUSD,0.1767,1,4,above chikou
2026-08-24,LTCUSD,LTCUSD,52.71,1,5,above chikou
2026-08-24,DOTUSD,DOTUSD,0.9172,1,5,above chikou
2026-08-24,XLMUSD,Stellar ,0.197171,1,5,above chikou
2026-08-24,ETCUSD,Ethereum Classic,7.878,1,5,above chikou
2026-08-24,STXUSD,STXUSD,0.2333,1,5,above chikou
2026-08-24,XRPUSD,XRPUSD,1.5157,1,5,above chikou
2026-08-24,LTCUSD,LTCUSD,52.71,1,5,above chikou
2026-08-24,AVAXUSD,AVAXUSD,7.583,1,6,above chikou
2026-08-24,PEPEUSD,PEPE/USD,4.145e-06,1,6,above chikou
2026-08-24,DOGEUSD,DOGEUSD,0.0918403,1,6,above chikou
2026-08-24,SOLUSD,SOLUSD,96.84,1,6,above chikou
2026-08-24,ETHUSD,ETHUSD,2492.93,1,6,above chikou
2026-08-24,BTCUSD,BTCUSD,79507.3,1,6,above chikou
2026-08-24,ICPUSD,ICPUSD,2.436,1,15,above chikou
2026-08-24,TRXUSD,TRXUSD,0.343521,1,16,above chikou
2026-08-24,ADAUSD,ADAUSD,0.223234,1,23,above chikou
2026-08-24,SHIBUSD,SHIB/USD,5.51e-06,1,31,above chikou
2026-08-24,SHIBUSD,SHIBUSD,5.51e-06,1,31,above chikou
2026-08-24,XMRUSD,Monero ,425.86,1,40,above chikou
2026-08-24,LINKUSD,LINK/USD,11.64378,1,42,above chikou
