Datetime,Symbol,Name,Close,1H Chikou Direction,1H Chikou Count,1H Chikou State
2026-09-29 15:30:00-04:00,DIA,SPDR Dow Jones Industrial Average ETF Trust,512.8699951171875,0,-35,below chikou
2026-09-29 15:30:00-04:00,IWM,iShares Russell 2000 ETF,279.0599975585937,-1,-35,below chikou
2026-09-29 15:30:00-04:00,TLT,iShares 20+ Year Treasury Bond ETF,78.26000213623047,-1,-35,below chikou
2026-09-29 15:30:00-04:00,IEF,iShares 7-10 Year Treasury Bond ETF,89.44999694824219,-1,-35,below chikou
2026-09-29 15:30:00-04:00,GLD,SPDR Gold Shares,383.0,-1,-35,below chikou
2026-09-29 15:30:00-04:00,HYG,iShares iBoxx High Yield Corporate Bond ETF,77.375,-1,-35,below chikou
2026-09-29 15:30:00-04:00,LQD,iShares iBoxx Investment Grade Corporate Bond ETF,102.38999938964844,-1,-35,below chikou
2026-09-29 15:30:00-04:00,EEM,iShares MSCI Emerging Markets ETF,67.41000366210938,0,-23,below chikou
2026-09-29 15:30:00-04:00,SPY,SPDR S&P 500 ETF Trust,764.2899780273438,0,-22,below chikou
2026-09-29 15:30:00-04:00,^OEX,S&P 100 Index (OEX),3826.02001953125,0,-22,below chikou
2026-09-29 15:30:00-04:00,USO,United States Oil Fund,143.34500122070312,-1,-7,below chikou
2026-09-29 15:30:00-04:00,EFA,iShares MSCI EAFE ETF,104.52999877929688,1,1,above chikou
2026-09-29 15:30:00-04:00,QQQ,Invesco QQQ Trust,737.9600219726562,0,2,above chikou
2026-09-29 15:30:00-04:00,SMH,VanEck Semiconductor ETF,607.1950073242188,1,7,above chikou
2026-09-29 15:30:00-04:00,UUP,Invesco DB US Dollar Index Bullish Fund,28.76000022888184,1,86,above chikou
