Symbol,Name,1H Chikou Direction,1H Chikou Count,1H Chikou State,Close,1D Chikou Direction,1D Chikou Count,1D Chikou State,1W Chikou Direction,1W Chikou Count,1W Chikou State,1M Chikou Direction,1M Chikou Count,1M Chikou State,Chikou Score Sum
DIA,SPDR Dow Jones Industrial Average ETF Trust,0,-35,below chikou,512.8800048828125,-1,-15,below chikou,1,26,above chikou,1,35,above chikou,11
EEM,iShares MSCI Emerging Markets ETF,0,-23,below chikou,67.4000015258789,0,34,above chikou,1,75,above chikou,1,27,above chikou,113
EFA,iShares MSCI EAFE ETF,1,1,above chikou,104.54000091552734,-1,-14,below chikou,1,76,above chikou,1,34,above chikou,97
GLD,SPDR Gold Shares,-1,-35,below chikou,382.8900146484375,-1,-11,below chikou,-1,-16,below chikou,1,43,above chikou,-19
HYG,iShares iBoxx High Yield Corporate Bond ETF,-1,-35,below chikou,77.36000061035156,-1,-14,below chikou,0,77,above chikou,1,31,above chikou,59
IEF,iShares 7-10 Year Treasury Bond ETF,-1,-35,below chikou,89.44999694824219,-1,-20,below chikou,-1,-14,below chikou,1,23,above chikou,-46
IWM,iShares Russell 2000 ETF,-1,-35,below chikou,279.010009765625,-1,-15,below chikou,1,60,above chikou,1,28,above chikou,38
LQD,iShares iBoxx Investment Grade Corporate Bond ETF,-1,-35,below chikou,102.41000366210938,-1,-15,below chikou,-1,-13,below chikou,1,27,above chikou,-36
QQQ,Invesco QQQ Trust,0,2,above chikou,737.9299926757812,1,7,above chikou,1,25,above chikou,1,35,above chikou,69
SMH,VanEck Semiconductor ETF,1,7,above chikou,606.9000244140625,1,6,above chikou,1,70,above chikou,1,191,above chikou,274
SPY,SPDR S&P 500 ETF Trust,0,-22,below chikou,764.2000122070312,0,3,above chikou,1,26,above chikou,1,35,above chikou,42
TLT,iShares 20+ Year Treasury Bond ETF,-1,-35,below chikou,78.2300033569336,-1,-14,below chikou,-1,-13,below chikou,-1,-1,below chikou,-63
USO,United States Oil Fund,-1,-7,below chikou,143.35000610351562,1,20,above chikou,1,34,above chikou,1,9,above chikou,56
UUP,Invesco DB US Dollar Index Bullish Fund,1,86,above chikou,28.75,1,11,above chikou,1,51,above chikou,1,54,above chikou,202
^OEX,S&P 100 Index (OEX),0,-22,below chikou,3825.429931640625,1,7,above chikou,1,25,above chikou,1,35,above chikou,45
