Date,Symbol,Name,Close,1D Chikou Direction,1D Chikou Count,1D Chikou State
2026-09-29,IEF,iShares 7-10 Year Treasury Bond ETF,89.44999694824219,-1,-20,below chikou
2026-09-29,DIA,SPDR Dow Jones Industrial Average ETF Trust,512.8800048828125,-1,-15,below chikou
2026-09-29,IWM,iShares Russell 2000 ETF,279.010009765625,-1,-15,below chikou
2026-09-29,LQD,iShares iBoxx Investment Grade Corporate Bond ETF,102.41000366210938,-1,-15,below chikou
2026-09-29,TLT,iShares 20+ Year Treasury Bond ETF,78.2300033569336,-1,-14,below chikou
2026-09-29,HYG,iShares iBoxx High Yield Corporate Bond ETF,77.36000061035156,-1,-14,below chikou
2026-09-29,EFA,iShares MSCI EAFE ETF,104.54000091552734,-1,-14,below chikou
2026-09-29,GLD,SPDR Gold Shares,382.8900146484375,-1,-11,below chikou
2026-09-29,SPY,SPDR S&P 500 ETF Trust,764.2000122070312,0,3,above chikou
2026-09-29,SMH,VanEck Semiconductor ETF,606.9000244140625,1,6,above chikou
2026-09-29,QQQ,Invesco QQQ Trust,737.9299926757812,1,7,above chikou
2026-09-29,^OEX,S&P 100 Index (OEX),3825.429931640625,1,7,above chikou
2026-09-29,UUP,Invesco DB US Dollar Index Bullish Fund,28.75,1,11,above chikou
2026-09-29,USO,United States Oil Fund,143.35000610351562,1,20,above chikou
2026-09-29,EEM,iShares MSCI Emerging Markets ETF,67.4000015258789,0,34,above chikou
