Datetime,Symbol,Name,Close,1M Chikou Direction,1M Chikou Count,1M Chikou State
2026-09-30 21:00:00+00:00,UK10YB_GBP,UK 10Y Gilt,84.253,-1,-62,below chikou
2026-09-30 21:00:00+00:00,DE10YB_EUR,Bund,121.102,-1,-61,below chikou
2026-09-30 21:00:00+00:00,GBP_CHF,GBP/CHF,1.104,0,-58,below chikou
2026-09-30 21:00:00+00:00,AUD_CHF,AUD/CHF,0.58098,0,-50,below chikou
2026-09-30 21:00:00+00:00,NZD_CHF,NZD/CHF,0.46738,-1,-50,below chikou
2026-09-30 21:00:00+00:00,CAD_CHF,CAD/CHF,0.58582,-1,-44,below chikou
2026-09-30 21:00:00+00:00,USD_CHF,USD/CHF,0.83305,-1,-41,below chikou
2026-09-30 21:00:00+00:00,USD_SGD,USD/SGD,1.27874,-1,-30,below chikou
2026-09-30 21:00:00+00:00,NZD_USD,NZD/USD,0.56104,-1,-25,below chikou
2026-09-30 21:00:00+00:00,NZD_CAD,NZD/CAD,0.79781,-1,-21,below chikou
2026-09-30 21:00:00+00:00,USD_DKK,USD/DKK,6.65312,-1,-19,below chikou
2026-09-30 21:00:00+00:00,SUGAR_USD,Sugar,0.1989,0,-19,below chikou
2026-09-30 21:00:00+00:00,USD_NOK,USD/NOK,9.56745,-1,-18,below chikou
2026-09-30 21:00:00+00:00,USD_ZAR,USD/ZAR,16.57762,-1,-17,below chikou
2026-09-30 21:00:00+00:00,USB30Y_USD,US T-Bond,102.396,-1,-8,below chikou
2026-09-30 21:00:00+00:00,GBP_AUD,GBP/AUD,1.90023,-1,-7,below chikou
2026-09-30 21:00:00+00:00,EUR_AUD,EUR/AUD,1.61102,-1,-7,below chikou
2026-09-30 21:00:00+00:00,USB10Y_USD,US 10Y T-Note,104.484,-1,-3,below chikou
2026-09-30 21:00:00+00:00,NZD_JPY,NZD/JPY,88.842,0,-3,below chikou
2026-09-30 21:00:00+00:00,USB05Y_USD,US 5Y T-Note,103.559,-1,-2,below chikou
2026-09-30 21:00:00+00:00,USB02Y_USD,US 2Y T-Note,101.867,-1,-1,below chikou
2026-09-30 21:00:00+00:00,USD_MXN,USD/MXN,18.00674,-1,-1,below chikou
2026-09-30 21:00:00+00:00,SOYBN_USD,Soybeans,12.993,1,3,above chikou
2026-09-30 21:00:00+00:00,CORN_USD,Corn,4.934,1,3,above chikou
2026-09-30 21:00:00+00:00,WTICO_USD,West Texas Oil,92.098,1,4,above chikou
2026-09-30 21:00:00+00:00,BCO_USD,Brent Crude Oil,104.584,1,4,above chikou
2026-09-30 21:00:00+00:00,WHEAT_USD,Wheat,6.924,1,8,above chikou
2026-09-30 21:00:00+00:00,AUD_USD,AUD/USD,0.69742,1,12,above chikou
2026-09-30 21:00:00+00:00,XPD_USD,Palladium,1154.232,1,13,above chikou
2026-09-30 21:00:00+00:00,EUR_GBP,EUR/GBP,0.84778,0,14,above chikou
2026-09-30 21:00:00+00:00,AUD_CAD,AUD/CAD,0.99174,1,14,above chikou
2026-09-30 21:00:00+00:00,AUD_NZD,AUD/NZD,1.24308,1,16,above chikou
2026-09-30 21:00:00+00:00,CN50_USD,China A50,13853.5,1,17,above chikou
2026-09-30 21:00:00+00:00,XPT_USD,Platinum,1683.879,1,18,above chikou
2026-09-30 21:00:00+00:00,EUR_USD,EUR/USD,1.12358,1,19,above chikou
2026-09-30 21:00:00+00:00,NATGAS_USD,Natural Gas,3.039,1,19,above chikou
2026-09-30 21:00:00+00:00,HK33_HKD,Hong Kong 33,24087.5,1,23,above chikou
2026-09-30 21:00:00+00:00,CHINAH_HKD,China H Shares,8056.3,1,25,above chikou
2026-09-30 21:00:00+00:00,XCU_USD,Copper,6.54718,1,26,above chikou
2026-09-30 21:00:00+00:00,SG30_SGD,Singapore 30,523.74,1,28,above chikou
2026-09-30 21:00:00+00:00,CH20_CHF,Switzerland 20,13770.2,1,28,above chikou
2026-09-30 21:00:00+00:00,US2000_USD,US Russ 2000,2827.6,1,28,above chikou
2026-09-30 21:00:00+00:00,GBP_USD,GBP/USD,1.32532,0,28,above chikou
2026-09-30 21:00:00+00:00,GBP_CAD,GBP/CAD,1.88456,1,30,above chikou
2026-09-30 21:00:00+00:00,NL25_EUR,Netherlands 25,1127.38,1,33,above chikou
2026-09-30 21:00:00+00:00,EUR_CAD,EUR/CAD,1.59768,1,33,above chikou
2026-09-30 21:00:00+00:00,AU200_AUD,Australia 200,8718.8,1,35,above chikou
2026-09-30 21:00:00+00:00,NAS100_USD,US Nas 100,31231.8,1,36,above chikou
2026-09-30 21:00:00+00:00,SPX500_USD,US SPX 500,7831.8,1,36,above chikou
2026-09-30 21:00:00+00:00,EU50_EUR,Europe 50,6240.6,1,36,above chikou
2026-09-30 21:00:00+00:00,US30_USD,US Wall St 30,51522.0,1,36,above chikou
2026-09-30 21:00:00+00:00,DE30_EUR,Germany 30,25339.0,1,36,above chikou
2026-09-30 21:00:00+00:00,XAG_USD,Silver,60.8235,1,36,above chikou
2026-09-30 21:00:00+00:00,XAU_USD,Gold,4143.495,1,44,above chikou
2026-09-30 21:00:00+00:00,EUR_NZD,EUR/NZD,2.00255,1,44,above chikou
2026-09-30 21:00:00+00:00,GBP_NZD,GBP/NZD,2.3621,1,45,above chikou
2026-09-30 21:00:00+00:00,ESPIX_EUR,Spain 35,19439.9,1,53,above chikou
2026-09-30 21:00:00+00:00,ZAR_JPY,ZAR/JPY,9.553,1,56,above chikou
2026-09-30 21:00:00+00:00,UK100_GBP,UK 100,10529.4,1,58,above chikou
2026-09-30 21:00:00+00:00,USD_JPY,USD/JPY,158.34,1,63,above chikou
2026-09-30 21:00:00+00:00,CAD_JPY,CAD/JPY,111.358,1,68,above chikou
2026-09-30 21:00:00+00:00,EUR_JPY,EUR/JPY,177.917,1,68,above chikou
2026-09-30 21:00:00+00:00,AUD_JPY,AUD/JPY,110.438,1,68,above chikou
2026-09-30 21:00:00+00:00,SGD_JPY,SGD/JPY,123.842,1,68,above chikou
2026-09-30 21:00:00+00:00,GBP_JPY,GBP/JPY,209.857,1,69,above chikou
2026-09-30 21:00:00+00:00,FR40_EUR,France 40,7828.2,1,71,above chikou
2026-09-30 21:00:00+00:00,JP225_USD,Japan 225,70221.5,1,75,above chikou
2026-09-30 21:00:00+00:00,JP225Y_JPY,Japan 225 (JPY),70196.5,1,75,above chikou
2026-09-30 21:00:00+00:00,CHF_JPY,CHF/JPY,190.088,1,77,above chikou
2026-09-30 21:00:00+00:00,USD_TRY,USD/TRY,49.17884,1,184,above chikou
2026-09-30 21:00:00+00:00,EUR_TRY,EUR/TRY,55.39777,1,193,above chikou
