Symbol,Name,1H Chikou Direction,1H Chikou Count,1H Chikou State,4H Chikou Direction,4H Chikou Count,4H Chikou State,Close,1D Chikou Direction,1D Chikou Count,1D Chikou State,1W Chikou Direction,1W Chikou Count,1W Chikou State,1M Chikou Direction,1M Chikou Count,1M Chikou State,Chikou Score Sum
AU200_AUD,Australia 200,-1,-21,below chikou,-1,-5,below chikou,8621.1,-1,-18,below chikou,0,17,above chikou,1,35,above chikou,8
AUD_CAD,AUD/CAD,-1,-9,below chikou,-1,-39,below chikou,0.9853,-1,-3,below chikou,1,56,above chikou,1,14,above chikou,19
AUD_CHF,AUD/CHF,-1,-57,below chikou,-1,-8,below chikou,0.57574,-1,-1,below chikou,1,41,above chikou,0,-50,below chikou,-75
AUD_JPY,AUD/JPY,1,5,above chikou,-1,-32,below chikou,109.504,-1,-23,below chikou,0,-4,below chikou,1,68,above chikou,14
AUD_NZD,AUD/NZD,1,19,above chikou,-1,-37,below chikou,1.23656,1,31,above chikou,1,57,above chikou,1,16,above chikou,86
AUD_USD,AUD/USD,-1,-68,below chikou,-1,-94,below chikou,0.69266,-1,-8,below chikou,0,69,above chikou,1,12,above chikou,-89
BCO_USD,Brent Crude Oil,1,31,above chikou,1,3,above chikou,106.996,1,23,above chikou,0,34,above chikou,1,4,above chikou,95
CAD_CHF,CAD/CHF,-1,-32,below chikou,-1,-3,below chikou,0.58437,1,63,above chikou,1,11,above chikou,-1,-44,below chikou,-5
CAD_JPY,CAD/JPY,1,23,above chikou,0,-32,below chikou,111.138,-1,-33,below chikou,-1,-5,below chikou,1,68,above chikou,21
CH20_CHF,Switzerland 20,-1,-26,below chikou,-1,-7,below chikou,13634.0,-1,-23,below chikou,1,52,above chikou,1,28,above chikou,24
CHF_JPY,CHF/JPY,1,23,above chikou,1,1,above chikou,190.188,-1,-47,below chikou,-1,-10,below chikou,1,77,above chikou,44
CHINAH_HKD,China H Shares,0,6,above chikou,-1,-20,below chikou,8162.0,-1,-20,below chikou,-1,-32,below chikou,1,24,above chikou,-42
CN50_USD,China A50,-1,-15,below chikou,-1,-26,below chikou,13957.0,-1,-67,below chikou,-1,-3,below chikou,1,17,above chikou,-94
CORN_USD,Corn,-1,-22,below chikou,-1,-38,below chikou,4.86,-1,-2,below chikou,1,11,above chikou,1,3,above chikou,-48
DE10YB_EUR,Bund,1,11,above chikou,1,3,above chikou,121.378,-1,-62,below chikou,-1,-14,below chikou,-1,-61,below chikou,-123
DE30_EUR,Germany 30,-1,-32,below chikou,-1,-7,below chikou,24982.2,-1,-17,below chikou,1,10,above chikou,1,36,above chikou,-10
ESPIX_EUR,Spain 35,-1,-35,below chikou,-1,-10,below chikou,19038.4,-1,-17,below chikou,1,153,above chikou,1,53,above chikou,144
EU50_EUR,Europe 50,-1,-32,below chikou,-1,-7,below chikou,6187.9,-1,-18,below chikou,1,53,above chikou,1,36,above chikou,32
EUR_AUD,EUR/AUD,-1,-14,below chikou,0,39,above chikou,1.62309,0,-31,below chikou,-1,-41,below chikou,-1,-7,below chikou,-54
EUR_CAD,EUR/CAD,-1,-15,below chikou,-1,-4,below chikou,1.59928,-1,-4,below chikou,0,4,above chikou,1,33,above chikou,14
EUR_GBP,EUR/GBP,-1,-54,below chikou,-1,-17,below chikou,0.85204,-1,-3,below chikou,-1,-30,below chikou,0,14,above chikou,-90
EUR_JPY,EUR/JPY,-1,-9,below chikou,-1,-32,below chikou,177.747,-1,-46,below chikou,-1,-5,below chikou,1,68,above chikou,-24
EUR_NZD,EUR/NZD,-1,-9,below chikou,-1,-3,below chikou,2.0071,1,23,above chikou,0,4,above chikou,1,44,above chikou,59
EUR_TRY,EUR/TRY,-1,-30,below chikou,-1,-37,below chikou,55.36944,-1,-5,below chikou,1,288,above chikou,1,193,above chikou,409
EUR_USD,EUR/USD,-1,-26,below chikou,-1,-94,below chikou,1.12422,-1,-13,below chikou,-1,-18,below chikou,1,19,above chikou,-132
FR40_EUR,France 40,-1,-41,below chikou,-1,-10,below chikou,7829.2,-1,-26,below chikou,0,4,above chikou,1,71,above chikou,-2
GBP_AUD,GBP/AUD,-1,-11,below chikou,1,37,above chikou,1.90494,1,3,above chikou,-1,-53,below chikou,-1,-7,below chikou,-31
GBP_CAD,GBP/CAD,-1,-9,below chikou,1,23,above chikou,1.877,-1,-41,below chikou,1,20,above chikou,1,30,above chikou,23
GBP_CHF,GBP/CHF,-1,-16,below chikou,0,24,above chikou,1.09687,1,6,above chikou,1,15,above chikou,0,-58,below chikou,-29
GBP_JPY,GBP/JPY,-1,-8,below chikou,0,-32,below chikou,208.614,-1,-46,below chikou,-1,-4,below chikou,1,69,above chikou,-21
GBP_NZD,GBP/NZD,1,1,above chikou,1,23,above chikou,2.35572,1,20,above chikou,1,9,above chikou,1,45,above chikou,98
GBP_USD,GBP/USD,-1,-15,below chikou,-1,-3,below chikou,1.31945,-1,-14,below chikou,0,-2,below chikou,0,28,above chikou,-6
HK33_HKD,Hong Kong 33,-1,-24,below chikou,-1,-20,below chikou,24410.0,-1,-20,below chikou,0,-21,below chikou,1,22,above chikou,-63
JP225Y_JPY,Japan 225 (JPY),1,54,above chikou,1,12,above chikou,68271.3,1,6,above chikou,1,67,above chikou,1,75,above chikou,214
JP225_USD,Japan 225,1,50,above chikou,1,12,above chikou,68306.3,1,6,above chikou,1,67,above chikou,1,75,above chikou,210
NAS100_USD,US Nas 100,-1,-6,below chikou,0,-3,below chikou,30560.9,1,10,above chikou,1,25,above chikou,1,36,above chikou,62
NATGAS_USD,Natural Gas,-1,-60,below chikou,-1,-17,below chikou,2.837,-1,-1,below chikou,-1,-27,below chikou,1,19,above chikou,-86
NL25_EUR,Netherlands 25,-1,-20,below chikou,0,-4,below chikou,1106.64,0,6,above chikou,1,55,above chikou,1,33,above chikou,70
NZD_CAD,NZD/CAD,-1,-18,below chikou,-1,-5,below chikou,0.7968,-1,-23,below chikou,0,6,above chikou,-1,-21,below chikou,-61
NZD_CHF,NZD/CHF,-1,-22,below chikou,-1,-3,below chikou,0.46561,-1,-19,below chikou,1,13,above chikou,-1,-50,below chikou,-81
NZD_JPY,NZD/JPY,-1,-9,below chikou,-1,-32,below chikou,88.556,-1,-28,below chikou,-1,-5,below chikou,0,-3,below chikou,-77
NZD_USD,NZD/USD,-1,-27,below chikou,-1,-99,below chikou,0.56013,-1,-19,below chikou,-1,-10,below chikou,-1,-25,below chikou,-180
SG30_SGD,Singapore 30,0,-34,below chikou,-1,-7,below chikou,530.18,-1,-14,below chikou,1,25,above chikou,1,28,above chikou,-2
SGD_JPY,SGD/JPY,1,28,above chikou,1,1,above chikou,123.458,-1,-46,below chikou,0,-4,below chikou,1,68,above chikou,47
SOYBN_USD,Soybeans,-1,-18,below chikou,-1,-23,below chikou,12.75,1,58,above chikou,1,39,above chikou,1,3,above chikou,59
SPX500_USD,US SPX 500,-1,-15,below chikou,-1,-5,below chikou,7678.8,-1,-1,below chikou,1,26,above chikou,1,36,above chikou,41
SUGAR_USD,Sugar,1,25,above chikou,1,6,above chikou,0.18066,1,54,above chikou,1,9,above chikou,0,-19,below chikou,75
UK100_GBP,UK 100,-1,-48,below chikou,-1,-9,below chikou,10472.1,-1,-18,below chikou,0,76,above chikou,1,58,above chikou,59
UK10YB_GBP,UK 10Y Gilt,0,-5,below chikou,-1,-10,below chikou,84.236,-1,-61,below chikou,-1,-30,below chikou,-1,-62,below chikou,-168
US2000_USD,US Russ 2000,0,-22,below chikou,-1,-39,below chikou,2814.476,-1,-18,below chikou,1,59,above chikou,1,28,above chikou,8
US30_USD,US Wall St 30,-1,-32,below chikou,-1,-8,below chikou,50988.3,-1,-18,below chikou,1,26,above chikou,1,36,above chikou,4
USB02Y_USD,US 2Y T-Note,1,9,above chikou,1,11,above chikou,101.883,-1,-24,below chikou,-1,-30,below chikou,-1,-1,below chikou,-35
USB05Y_USD,US 5Y T-Note,1,6,above chikou,0,3,above chikou,103.69,-1,-69,below chikou,-1,-30,below chikou,-1,-2,below chikou,-92
USB10Y_USD,US 10Y T-Note,1,5,above chikou,0,-39,below chikou,104.778,-1,-65,below chikou,-1,-30,below chikou,-1,-3,below chikou,-132
USB30Y_USD,US T-Bond,1,4,above chikou,-1,-39,below chikou,103.364,-1,-64,below chikou,-1,-30,below chikou,-1,-8,below chikou,-137
USD_CHF,USD/CHF,-1,-10,below chikou,1,35,above chikou,0.83132,1,17,above chikou,1,16,above chikou,-1,-41,below chikou,17
USD_DKK,USD/DKK,1,26,above chikou,1,94,above chikou,6.64948,1,13,above chikou,1,18,above chikou,-1,-19,below chikou,132
USD_JPY,USD/JPY,1,26,above chikou,1,1,above chikou,158.1,-1,-47,below chikou,-1,-4,below chikou,1,63,above chikou,39
USD_MXN,USD/MXN,1,25,above chikou,1,94,above chikou,18.31032,1,13,above chikou,1,1,above chikou,-1,-1,below chikou,132
USD_NOK,USD/NOK,1,82,above chikou,1,86,above chikou,9.63524,1,8,above chikou,-1,-41,below chikou,-1,-18,below chikou,117
USD_SGD,USD/SGD,1,23,above chikou,1,5,above chikou,1.28064,1,8,above chikou,-1,-4,below chikou,-1,-30,below chikou,2
USD_TRY,USD/TRY,1,474,above chikou,1,474,above chikou,49.0338,1,474,above chikou,1,280,above chikou,1,184,above chikou,1886
USD_ZAR,USD/ZAR,1,25,above chikou,1,5,above chikou,16.69949,1,14,above chikou,0,-5,below chikou,-1,-17,below chikou,22
WHEAT_USD,Wheat,-1,-22,below chikou,-1,-46,below chikou,6.699,0,-2,below chikou,1,36,above chikou,1,8,above chikou,-26
WTICO_USD,West Texas Oil,1,16,above chikou,0,-14,below chikou,95.684,1,24,above chikou,-1,-1,below chikou,1,4,above chikou,29
XAG_USD,Silver,1,4,above chikou,-1,-37,below chikou,60.891,-1,-6,below chikou,-1,-15,below chikou,1,36,above chikou,-18
XAU_USD,Gold,1,4,above chikou,-1,-39,below chikou,4172.88,-1,-14,below chikou,-1,-16,below chikou,1,44,above chikou,-21
XCU_USD,Copper,-1,-23,below chikou,-1,-25,below chikou,6.47554,-1,-2,below chikou,1,52,above chikou,1,26,above chikou,28
XPD_USD,Palladium,-1,-33,below chikou,-1,-47,below chikou,1174.474,-1,-17,below chikou,-1,-19,below chikou,1,13,above chikou,-103
XPT_USD,Platinum,1,4,above chikou,-1,-39,below chikou,1705.231,-1,-6,below chikou,-1,-16,below chikou,1,18,above chikou,-39
ZAR_JPY,ZAR/JPY,-1,-16,below chikou,-1,-27,below chikou,9.467,-1,-17,below chikou,0,7,above chikou,1,56,above chikou,3
