Date,Symbol,Name,Close,1M Chikou Direction,1M Chikou Count,1M Chikou State
2026-10-01,BAX,Baxter International,24.21999931335449,-1,-56,below chikou
2026-10-01,ALGN,Align Technology,140.64999389648438,-1,-50,below chikou
2026-10-01,NKE,"Nike, Inc.",33.959999084472656,-1,-50,below chikou
2026-10-01,HRL,Hormel Foods,20.07999992370605,-1,-49,below chikou
2026-10-01,BF-B,Brown–Forman,26.270000457763672,-1,-47,below chikou
2026-10-01,APTV,Aptiv,43.88999938964844,-1,-45,below chikou
2026-10-01,ARE,Alexandria Real Estate Equities,45.880001068115234,-1,-45,below chikou
2026-10-01,EL,Estée Lauder Companies (The),93.3000030517578,0,-42,below chikou
2026-10-01,UPS,United Parcel Service,93.13999938964844,-1,-40,below chikou
2026-10-01,MOS,Mosaic Company (The),21.290000915527344,-1,-34,below chikou
2026-10-01,WY,Weyerhaeuser,18.489999771118164,-1,-31,below chikou
2026-10-01,CNC,Centene Corporation,64.30000305175781,-1,-31,below chikou
2026-10-01,ZBH,Zimmer Biomet,91.56999969482422,-1,-29,below chikou
2026-10-01,KHC,Kraft Heinz,21.84000015258789,-1,-25,below chikou
2026-10-01,ELV,Elevance Health,394.510009765625,-1,-25,below chikou
2026-10-01,SWKS,Skyworks Solutions,83.91000366210938,-1,-25,below chikou
2026-10-01,GIS,General Mills,31.68000030517578,-1,-25,below chikou
2026-10-01,DOW,Dow Inc.,28.51000022888184,-1,-22,below chikou
2026-10-01,REGN,Regeneron Pharmaceuticals,726.469970703125,-1,-22,below chikou
2026-10-01,STZ,Constellation Brands,113.30999755859376,-1,-22,below chikou
2026-10-01,PPG,PPG Industries,105.2699966430664,-1,-21,below chikou
2026-10-01,LULU,Lululemon Athletica,93.13999938964844,-1,-20,below chikou
2026-10-01,LYB,LyondellBasell,59.220001220703125,-1,-20,below chikou
2026-10-01,HPQ,HP Inc.,31.46999931335449,0,-19,below chikou
2026-10-01,CMCSA,Comcast,21.56999969482422,-1,-19,below chikou
2026-10-01,UNH,UnitedHealth Group,378.5799865722656,-1,-19,below chikou
2026-10-01,GPN,Global Payments,82.18000030517578,-1,-19,below chikou
2026-10-01,CLX,Clorox,82.01000213623047,-1,-18,below chikou
2026-10-01,COO,Cooper Companies (The),56.77000045776367,-1,-18,below chikou
2026-10-01,ZTS,Zoetis,71.41000366210938,-1,-17,below chikou
2026-10-01,MDLZ,Mondelez International,58.4900016784668,-1,-16,below chikou
2026-10-01,CHTR,Charter Communications,107.7699966430664,-1,-16,below chikou
2026-10-01,ACN,Accenture,195.0500030517578,-1,-15,below chikou
2026-10-01,IT,Gartner,187.759994506836,-1,-15,below chikou
2026-10-01,ADBE,Adobe Inc.,238.78500366210932,-1,-15,below chikou
2026-10-01,FDS,FactSet,276.44000244140625,-1,-14,below chikou
2026-10-01,CDW,CDW Corporation,133.9199981689453,-1,-14,below chikou
2026-10-01,INVH,Invitation Homes,26.059999465942383,-1,-14,below chikou
2026-10-01,CI,Cigna,271.2900085449219,-1,-13,below chikou
2026-10-01,ROP,Roper Technologies,363.3800048828125,-1,-13,below chikou
2026-10-01,CMG,Chipotle Mexican Grill,30.850000381469727,-1,-13,below chikou
2026-10-01,EG,Everest Group,366.80999755859375,0,-13,below chikou
2026-10-01,VRSK,Verisk Analytics,163.27999877929688,-1,-13,below chikou
2026-10-01,FISV,Fiserv,46.13999938964844,-1,-13,below chikou
2026-10-01,MRSH,Marsh McLennan,170.42999267578125,-1,-13,below chikou
2026-10-01,CSGP,CoStar Group,27.65999984741211,-1,-13,below chikou
2026-10-01,KMB,Kimberly-Clark,95.41000366210938,-1,-12,below chikou
2026-10-01,CPRT,Copart,27.64999961853028,-1,-12,below chikou
2026-10-01,SNPS,Synopsys,488.4700012207031,0,-12,below chikou
2026-10-01,WDAY,"Workday, Inc.",188.9600067138672,-1,-10,below chikou
2026-10-01,NOW,ServiceNow,136.0800018310547,-1,-9,below chikou
2026-10-01,GDDY,GoDaddy,99.73999786376952,-1,-9,below chikou
2026-10-01,INTU,Intuit,284.67999267578125,-1,-9,below chikou
2026-10-01,ERIE,Erie Indemnity,221.4600067138672,-1,-9,below chikou
2026-10-01,EFX,Equifax,142.60000610351562,-1,-9,below chikou
2026-10-01,LEN,Lennar,74.44000244140625,-1,-9,below chikou
2026-10-01,GPC,Genuine Parts Company,126.23999786376952,0,-9,below chikou
2026-10-01,CCI,Crown Castle,67.58000183105469,-1,-9,below chikou
2026-10-01,FIS,Fidelity National Information Services,33.58000183105469,-1,-9,below chikou
2026-10-01,TYL,Tyler Technologies,328.32000732421875,-1,-9,below chikou
2026-10-01,DHR,Danaher Corporation,221.2100067138672,-1,-9,below chikou
2026-10-01,PYPL,PayPal,54.40999984741211,-1,-9,below chikou
2026-10-01,PSKY,Paramount Skydance Corporation,9.774999618530272,0,-9,below chikou
2026-10-01,CTSH,Cognizant,58.16999816894531,-1,-9,below chikou
2026-10-01,MKC,McCormick & Company,45.540000915527344,-1,-8,below chikou
2026-10-01,FICO,Fair Isaac,689.6099853515625,-1,-8,below chikou
2026-10-01,AVY,Avery Dennison,170.0,-1,-8,below chikou
2026-10-01,BR,Broadridge Financial Solutions,159.0800018310547,-1,-8,below chikou
2026-10-01,AOS,A. O. Smith,56.970001220703125,-1,-8,below chikou
2026-10-01,BRO,Brown & Brown,60.93000030517578,-1,-8,below chikou
2026-10-01,SMCI,Supermicro,43.18999862670898,0,-8,below chikou
2026-10-01,AES,AES Corporation,14.899999618530272,0,-8,below chikou
2026-10-01,NVR,"NVR, Inc.",5970.2099609375,-1,-8,below chikou
2026-10-01,OTIS,Otis Worldwide,65.87999725341797,-1,-8,below chikou
2026-10-01,DPZ,Domino's,297.2699890136719,-1,-8,below chikou
2026-10-01,DG,Dollar General,119.31999969482422,0,-8,below chikou
2026-10-01,DECK,Deckers Brands,80.20999908447266,-1,-8,below chikou
2026-10-01,IFF,International Flavors & Fragrances,83.26000213623047,-1,-8,below chikou
2026-10-01,AMT,American Tower,162.25999450683594,-1,-8,below chikou
2026-10-01,SYK,Stryker Corporation,285.2200012207031,-1,-7,below chikou
2026-10-01,GEHC,GE HealthCare,65.73999786376953,-1,-7,below chikou
2026-10-01,IR,Ingersoll Rand,78.55000305175781,-1,-7,below chikou
2026-10-01,TSCO,Tractor Supply,31.420000076293945,-1,-7,below chikou
2026-10-01,HD,Home Depot (The),281.1499938964844,-1,-7,below chikou
2026-10-01,BSX,Boston Scientific,42.400001525878906,-1,-7,below chikou
2026-10-01,XYL,Xylem Inc.,102.41999816894533,-1,-6,below chikou
2026-10-01,UHS,Universal Health Services,176.0500030517578,-1,-6,below chikou
2026-10-01,BALL,Ball Corporation,57.11000061035156,-1,-6,below chikou
2026-10-01,VLTO,Veralto,96.56999969482422,-1,-6,below chikou
2026-10-01,PODD,Insulet Corporation,135.6199951171875,-1,-6,below chikou
2026-10-01,MTD,Mettler Toledo,1541.6300048828125,0,-6,below chikou
2026-10-01,PG,Procter & Gamble,145.94000244140625,-1,-6,below chikou
2026-10-01,COIN,Coinbase,188.22000122070312,0,-6,below chikou
2026-10-01,PEP,PepsiCo,125.6500015258789,-1,-6,below chikou
2026-10-01,PNR,Pentair,52.77999877929688,-1,-6,below chikou
2026-10-01,LOW,Lowe's,179.5,-1,-6,below chikou
2026-10-01,CHD,Church & Dwight,95.66000366210938,0,-6,below chikou
2026-10-01,OXY,Occidental Petroleum,58.310001373291016,0,-6,below chikou
2026-10-01,LDOS,Leidos,119.4499969482422,-1,-5,below chikou
2026-10-01,SBAC,SBA Communications,161.82000732421875,-1,-5,below chikou
2026-10-01,LII,Lennox International,361.1499938964844,-1,-4,below chikou
2026-10-01,HSY,Hershey Company (The),161.00999450683594,-1,-4,below chikou
2026-10-01,MLM,Martin Marietta Materials,485.5,-1,-4,below chikou
2026-10-01,ISRG,Intuitive Surgical,406.4800109863281,-1,-4,below chikou
2026-10-01,ROL,"Rollins, Inc.",29.690000534057617,-1,-4,below chikou
2026-10-01,MCHP,Microchip Technology,81.48999786376953,0,-4,below chikou
2026-10-01,NXPI,NXP Semiconductors,241.97000122070312,0,-4,below chikou
2026-10-01,EIX,Edison International,54.2400016784668,-1,-3,below chikou
2026-10-01,PCG,PG&E Corporation,12.350000381469728,-1,-3,below chikou
2026-10-01,TXT,Textron,75.75,-1,-3,below chikou
2026-10-01,CARR,Carrier Global,55.72999954223633,-1,-3,below chikou
2026-10-01,FSLR,First Solar,176.16000366210938,-1,-3,below chikou
2026-10-01,NCLH,Norwegian Cruise Line Holdings,14.869999885559082,0,-3,below chikou
2026-10-01,ADSK,Autodesk,221.5599975585937,-1,-2,below chikou
2026-10-01,TMUS,T-Mobile US,164.63999938964844,-1,-2,below chikou
2026-10-01,PEG,Public Service Enterprise Group,68.68000030517578,-1,-2,below chikou
2026-10-01,PAYX,Paychex,99.77999877929688,-1,-2,below chikou
2026-10-01,OMC,Omnicom Group,75.25,-1,-2,below chikou
2026-10-01,CL,Colgate-Palmolive,86.19000244140625,-1,-2,below chikou
2026-10-01,FANG,Diamondback Energy,184.0800018310547,0,-2,below chikou
2026-10-01,CPT,Camden Property Trust,97.37000274658205,-1,-2,below chikou
2026-10-01,SPGI,S&P Global,390.9200134277344,-1,-2,below chikou
2026-10-01,UDR,"UDR, Inc.",33.84000015258789,-1,-2,below chikou
2026-10-01,TSN,Tyson Foods,51.709999084472656,-1,-2,below chikou
2026-10-01,TDG,TransDigm Group,1092.6600341796875,0,-2,below chikou
2026-10-01,GEN,Gen Digital,22.280000686645508,-1,-2,below chikou
2026-10-01,AON,Aon plc,272.04998779296875,-1,-2,below chikou
2026-10-01,CRM,Salesforce,229.7899932861328,0,-2,below chikou
2026-10-01,MAA,Mid-America Apartment Communities,116.47000122070312,-1,-2,below chikou
2026-10-01,AJG,Arthur J. Gallagher & Co.,227.2400054931641,-1,-2,below chikou
2026-10-01,ARES,Ares Management,117.12999725341795,-1,-2,below chikou
2026-10-01,IP,International Paper,32.04999923706055,-1,-2,below chikou
2026-10-01,KKR,KKR & Co.,89.95999908447266,-1,-2,below chikou
2026-10-01,EXR,Extra Space Storage,132.91000366210938,-1,-2,below chikou
2026-10-01,MGM,MGM Resorts,30.170000076293945,-1,-2,below chikou
2026-10-01,JKHY,Jack Henry & Associates,145.1199951171875,-1,-2,below chikou
2026-10-01,VICI,Vici Properties,22.530000686645508,-1,-2,below chikou
2026-10-01,VMRK,Vivmark Residential,60.09000015258789,-1,-2,below chikou
2026-10-01,KDP,Keurig Dr Pepper,30.88999938964844,-1,-1,below chikou
2026-10-01,AWK,American Water Works,127.83999633789062,-1,-1,below chikou
2026-10-01,AMCR,Amcor,41.79999923706055,-1,-1,below chikou
2026-10-01,PHM,PulteGroup,113.9800033569336,-1,-1,below chikou
2026-10-01,ABT,Abbott Laboratories,100.0999984741211,-1,-1,below chikou
2026-10-01,AZO,AutoZone,2807.72998046875,-1,-1,below chikou
2026-10-01,CTVA,Corteva,12.390000343322754,-1,-1,below chikou
2026-10-01,STE,Steris,211.07000732421875,-1,-1,below chikou
2026-10-01,SHW,Sherwin-Williams,318.4599914550781,-1,-1,below chikou
2026-10-01,BX,Blackstone Inc.,111.6500015258789,-1,-1,below chikou
2026-10-01,ODFL,Old Dominion,179.3699951171875,-1,-1,below chikou
2026-10-01,MAS,Masco,68.45999908447266,-1,-1,below chikou
2026-10-01,DHI,D. R. Horton,133.22999572753906,-1,-1,below chikou
2026-10-01,MCD,McDonald's,233.0399932861328,-1,-1,below chikou
2026-10-01,HONA,Honeywell Aerospace,155.74000549316406,0,0,neutral chikou
2026-10-01,SNDK,Sandisk,1704.1600341796875,0,0,neutral chikou
2026-10-01,Q,Qnity Electronics,131.52999877929688,0,0,neutral chikou
2026-10-01,FDXF,FedEx Freight,111.58000183105467,0,0,neutral chikou
2026-10-01,BIIB,Biogen,223.58999633789065,1,1,above chikou
2026-10-01,PTC,PTC Inc.,192.259994506836,1,1,above chikou
2026-10-01,DXCM,Dexcom,86.9000015258789,1,1,above chikou
2026-10-01,QCOM,Qualcomm,180.7899932861328,1,1,above chikou
2026-10-01,MRNA,Moderna,203.2100067138672,1,2,above chikou
2026-10-01,BDX,Becton Dickinson,180.6699981689453,0,3,above chikou
2026-10-01,ZBRA,Zebra Technologies,375.6600036621094,1,3,above chikou
2026-10-01,TGT,Target Corporation,152.99000549316406,0,3,above chikou
2026-10-01,A,Agilent Technologies,171.2899932861328,1,3,above chikou
2026-10-01,ABNB,Airbnb,164.07000732421875,1,3,above chikou
2026-10-01,IQV,IQVIA,266.0899963378906,1,3,above chikou
2026-10-01,VEEV,Veeva Systems,283.45001220703125,1,3,above chikou
2026-10-01,WST,West Pharmaceutical Services,376.760009765625,1,3,above chikou
2026-10-01,DIS,Walt Disney Company (The),103.61000061035156,1,3,above chikou
2026-10-01,HAL,Halliburton,32.779998779296875,0,3,above chikou
2026-10-01,KVUE,Kenvue,17.389999389648438,0,3,above chikou
2026-10-01,CRL,Charles River Laboratories,310.7699890136719,1,3,above chikou
2026-10-01,TMO,Thermo Fisher Scientific,676.760009765625,1,3,above chikou
2026-10-01,UBER,Uber,69.4800033569336,0,3,above chikou
2026-10-01,DVN,Devon Energy,47.97999954223633,1,3,above chikou
2026-10-01,TRMB,Trimble Inc.,58.810001373291016,1,3,above chikou
2026-10-01,MSFT,Microsoft,525.1799926757812,1,4,above chikou
2026-10-01,SJM,J.M. Smucker Company (The),116.2300033569336,1,4,above chikou
2026-10-01,WTW,Willis Towers Watson,288.1099853515625,1,4,above chikou
2026-10-01,MDT,Medtronic,87.97000122070312,1,4,above chikou
2026-10-01,IEX,IDEX Corporation,235.2899932861328,1,4,above chikou
2026-10-01,XYZ,"Block, Inc.",76.2300033569336,1,4,above chikou
2026-10-01,ADP,Automatic Data Processing,260.260009765625,0,4,above chikou
2026-10-01,COP,ConocoPhillips,128.39999389648438,1,4,above chikou
2026-10-01,DLTR,Dollar Tree,113.19000244140624,1,4,above chikou
2026-10-01,ICE,Intercontinental Exchange,152.14999389648438,0,4,above chikou
2026-10-01,FTV,Fortive,57.380001068115234,1,4,above chikou
2026-10-01,TECH,Bio-Techne,72.58000183105469,0,5,above chikou
2026-10-01,BXP,"BXP, Inc.",59.369998931884766,0,5,above chikou
2026-10-01,RVTY,Revvity,157.36000061035156,1,5,above chikou
2026-10-01,SWK,Stanley Black & Decker,89.68000030517578,0,5,above chikou
2026-10-01,HUM,Humana,404.0700073242188,1,5,above chikou
2026-10-01,SOLV,Solventum,88.02999877929688,1,5,above chikou
2026-10-01,MRK,Merck & Co.,139.5399932861328,1,5,above chikou
2026-10-01,BBY,Best Buy,87.38999938964844,0,6,above chikou
2026-10-01,GEV,GE Vernova,990.0,1,6,above chikou
2026-10-01,ILMN,"Illumina, Inc.",293.69000244140625,1,6,above chikou
2026-10-01,RDDT,Reddit,150.4199981689453,1,6,above chikou
2026-10-01,DDOG,Datadog,276.4150085449219,1,6,above chikou
2026-10-01,AKAM,Akamai Technologies,107.98999786376952,1,6,above chikou
2026-10-01,ON,ON Semiconductor,85.93000030517578,1,7,above chikou
2026-10-01,BA,Boeing,192.72000122070312,1,7,above chikou
2026-10-01,TROW,T. Rowe Price,103.93000030517578,1,7,above chikou
2026-10-01,ADM,Archer Daniels Midland,82.47000122070312,1,8,above chikou
2026-10-01,APA,APA Corporation,43.84999847412109,1,8,above chikou
2026-10-01,SLB,Schlumberger,50.27999877929688,1,9,above chikou
2026-10-01,APD,Air Products,279.45001220703125,0,9,above chikou
2026-10-01,EOG,EOG Resources,144.0800018310547,1,9,above chikou
2026-10-01,PFE,Pfizer,27.40999984741211,1,9,above chikou
2026-10-01,SBUX,Starbucks,94.43000030517578,1,9,above chikou
2026-10-01,JBHT,J.B. Hunt,229.7400054931641,1,10,above chikou
2026-10-01,BG,Bunge Global,107.31999969482422,1,10,above chikou
2026-10-01,ALB,Albemarle Corporation,104.37000274658205,1,10,above chikou
2026-10-01,NDSN,Nordson Corporation,334.42999267578125,1,11,above chikou
2026-10-01,BMY,Bristol Myers Squibb,58.810001373291016,1,11,above chikou
2026-10-01,HSIC,Henry Schein,84.2300033569336,1,11,above chikou
2026-10-01,NUE,Nucor,251.41000366210932,1,11,above chikou
2026-10-01,DOC,Healthpeak Properties,18.84000015258789,0,12,above chikou
2026-10-01,PLD,Prologis,128.0800018310547,1,13,above chikou
2026-10-01,EW,Edwards Lifesciences,87.2300033569336,1,13,above chikou
2026-10-01,INTC,Intel,116.19000244140624,1,13,above chikou
2026-10-01,F,Ford Motor Company,12.149999618530272,1,13,above chikou
2026-10-01,LVS,Las Vegas Sands,36.61000061035156,0,13,above chikou
2026-10-01,ES,Eversource Energy,64.69000244140625,1,14,above chikou
2026-10-01,WBD,Warner Bros. Discovery,30.950000762939453,1,14,above chikou
2026-10-01,VTRS,Viatris,17.6200008392334,1,15,above chikou
2026-10-01,INCY,Incyte,114.12999725341795,1,15,above chikou
2026-10-01,CVX,Chevron Corporation,206.47000122070312,1,15,above chikou
2026-10-01,BEN,Franklin Resources,32.880001068115234,1,15,above chikou
2026-10-01,NEE,NextEra Energy,76.27999877929688,0,15,above chikou
2026-10-01,CVS,CVS Health,87.01000213623047,1,15,above chikou
2026-10-01,WYNN,Wynn Resorts,77.16999816894531,0,15,above chikou
2026-10-01,ULTA,Ulta Beauty,542.719970703125,1,15,above chikou
2026-10-01,TER,Teradyne,444.5299987792969,1,16,above chikou
2026-10-01,CHRW,C.H. Robinson,140.61000061035156,1,16,above chikou
2026-10-01,DD,DuPont,130.69000244140625,1,16,above chikou
2026-10-01,FRT,Federal Realty Investment Trust,105.97000122070312,0,17,above chikou
2026-10-01,KEYS,Keysight Technologies,384.1700134277344,1,17,above chikou
2026-10-01,FCX,Freeport-McMoRan,72.5999984741211,1,17,above chikou
2026-10-01,KEY,KeyCorp,20.18000030517578,1,17,above chikou
2026-10-01,GNRC,Generac,215.1999969482422,1,17,above chikou
2026-10-01,O,Realty Income,53.77000045776367,0,17,above chikou
2026-10-01,PFG,Principal Financial Group,111.02999877929688,1,17,above chikou
2026-10-01,SYY,Sysco,76.37999725341797,1,17,above chikou
2026-10-01,RF,Regions Financial Corporation,27.06999969482422,1,17,above chikou
2026-10-01,IVZ,Invesco,30.5,1,17,above chikou
2026-10-01,BE,Bloom Energy,286.6499938964844,1,17,above chikou
2026-10-01,VLO,Valero Energy,419.3299865722656,1,17,above chikou
2026-10-01,TFC,Truist Financial,46.33000183105469,1,17,above chikou
2026-10-01,HST,Host Hotels & Resorts,22.440000534057617,1,17,above chikou
2026-10-01,LUV,Southwest Airlines,41.84999847412109,1,18,above chikou
2026-10-01,CF,CF Industries,116.0199966430664,1,18,above chikou
2026-10-01,CFG,Citizens Financial Group,64.30999755859375,1,18,above chikou
2026-10-01,USB,U.S. Bancorp,57.27000045776367,1,18,above chikou
2026-10-01,SRE,Sempra,78.16000366210938,1,18,above chikou
2026-10-01,IDXX,Idexx Laboratories,527.0700073242188,1,18,above chikou
2026-10-01,JNJ,Johnson & Johnson,252.92999267578125,1,18,above chikou
2026-10-01,CSX,CSX Corporation,47.43000030517578,1,18,above chikou
2026-10-01,ROK,Rockwell Automation,455.1799926757813,1,18,above chikou
2026-10-01,HII,Huntington Ingalls Industries,266.4800109863281,0,19,above chikou
2026-10-01,NOC,Northrop Grumman,476.1099853515625,0,19,above chikou
2026-10-01,D,Dominion Energy,61.02000045776367,1,21,above chikou
2026-10-01,HAS,Hasbro,92.37999725341795,1,21,above chikou
2026-10-01,EQT,EQT Corporation,51.119998931884766,1,23,above chikou
2026-10-01,VRSN,Verisign,292.260009765625,1,23,above chikou
2026-10-01,EXC,Exelon,40.81999969482422,1,23,above chikou
2026-10-01,TSLA,"Tesla, Inc.",378.7300109863281,1,24,above chikou
2026-10-01,LITE,Lumentum,1091.6700439453125,1,24,above chikou
2026-10-01,EVRG,Evergy,79.08999633789062,1,24,above chikou
2026-10-01,SCHW,Charles Schwab Corporation,97.95999908447266,1,24,above chikou
2026-10-01,CNP,CenterPoint Energy,37.75,1,24,above chikou
2026-10-01,XEL,Xcel Energy,71.48999786376953,1,24,above chikou
2026-10-01,WEC,WEC Energy Group,101.3000030517578,1,24,above chikou
2026-10-01,NEM,Newmont,115.81999969482422,1,25,above chikou
2026-10-01,NTRS,Northern Trust,170.6699981689453,1,25,above chikou
2026-10-01,VZ,Verizon,45.84999847412109,1,25,above chikou
2026-10-01,LYV,Live Nation Entertainment,170.6699981689453,1,26,above chikou
2026-10-01,DTE,DTE Energy,125.04000091552734,1,26,above chikou
2026-10-01,LNT,Alliant Energy,64.29000091552734,1,26,above chikou
2026-10-01,AEE,Ameren,99.6999969482422,1,26,above chikou
2026-10-01,ECHO,EchoStar,98.20999908447266,1,26,above chikou
2026-10-01,ESS,Essex Property Trust,271.92999267578125,0,27,above chikou
2026-10-01,NSC,Norfolk Southern,316.2300109863281,1,27,above chikou
2026-10-01,LHX,L3Harris,236.8800048828125,1,27,above chikou
2026-10-01,FTNT,Fortinet,184.1300048828125,1,27,above chikou
2026-10-01,LH,Labcorp,308.6499938964844,1,27,above chikou
2026-10-01,CCL,Carnival Corporation,25.559999465942383,1,27,above chikou
2026-10-01,CIEN,Ciena,389.6900024414063,1,27,above chikou
2026-10-01,WAT,Waters Corporation,440.1199951171875,1,27,above chikou
2026-10-01,PSA,Public Storage,281.6600036621094,0,27,above chikou
2026-10-01,AIZ,Assurant,266.4100036621094,1,27,above chikou
2026-10-01,CMS,CMS Energy,64.02999877929688,0,27,above chikou
2026-10-01,TDY,Teledyne Technologies,619.6400146484375,1,27,above chikou
2026-10-01,GL,Globe Life,165.9199981689453,1,27,above chikou
2026-10-01,EXPE,Expedia Group,260.1700134277344,1,27,above chikou
2026-10-01,KIM,Kimco Realty,22.030000686645508,1,27,above chikou
2026-10-01,KR,Kroger,58.77999877929688,1,28,above chikou
2026-10-01,AEP,American Electric Power,119.7300033569336,1,28,above chikou
2026-10-01,FITB,Fifth Third Bancorp,50.79999923706055,1,28,above chikou
2026-10-01,VTR,Ventas,81.36000061035156,1,28,above chikou
2026-10-01,TTWO,Take-Two Interactive,203.4600067138672,1,28,above chikou
2026-10-01,PNC,PNC Financial Services,220.27999877929688,1,28,above chikou
2026-10-01,REG,Regency Centers,71.33000183105469,1,28,above chikou
2026-10-01,RMD,ResMed|,222.8600006103516,0,28,above chikou
2026-10-01,COHR,Coherent Corp.,333.6400146484375,1,28,above chikou
2026-10-01,CSCO,Cisco,112.81999969482422,1,28,above chikou
2026-10-01,STT,State Street Corporation,176.3699951171875,1,28,above chikou
2026-10-01,EBAY,eBay Inc.,107.13999938964844,1,28,above chikou
2026-10-01,FFIV,"F5, Inc.",458.5299987792969,1,28,above chikou
2026-10-01,FE,FirstEnergy,43.63999938964844,1,28,above chikou
2026-10-01,FOXA,Fox Corporation (Class A),63.33000183105469,1,28,above chikou
2026-10-01,FOX,Fox Corporation (Class B),56.70000076293945,1,28,above chikou
2026-10-01,MTB,M&T Bank,218.259994506836,1,28,above chikou
2026-10-01,CVNA,Carvana,63.720001220703125,1,28,above chikou
2026-10-01,CBRE,CBRE Group,129.39999389648438,1,28,above chikou
2026-10-01,HBAN,Huntington Bancshares,15.289999961853027,1,28,above chikou
2026-10-01,MMM,3M,163.19000244140625,1,28,above chikou
2026-10-01,MRVL,Marvell Technology,271.25,1,28,above chikou
2026-10-01,MSCI,MSCI,552.3499755859375,0,28,above chikou
2026-10-01,GM,General Motors,80.2300033569336,1,29,above chikou
2026-10-01,STX,Seagate Technology,887.0900268554688,1,29,above chikou
2026-10-01,BAC,Bank of America,54.0,1,29,above chikou
2026-10-01,GLW,Corning Inc.,159.3699951171875,1,29,above chikou
2026-10-01,COF,Capital One,195.13999938964844,1,29,above chikou
2026-10-01,MS,Morgan Stanley,190.19000244140625,1,30,above chikou
2026-10-01,SW,Smurfit Westrock,42.40999984741211,0,30,above chikou
2026-10-01,JCI,Johnson Controls,156.85000610351562,1,30,above chikou
2026-10-01,TXN,Texas Instruments,294.8999938964844,1,30,above chikou
2026-10-01,TEL,TE Connectivity,218.92999267578125,1,30,above chikou
2026-10-01,HON,Honeywell Technologies,214.13999938964844,1,30,above chikou
2026-10-01,BLK,BlackRock,1066.449951171875,1,30,above chikou
2026-10-01,APP,AppLovin,281.9700012207031,1,30,above chikou
2026-10-01,NDAQ,"Nasdaq, Inc.",92.19000244140624,1,31,above chikou
2026-10-01,DLR,Digital Realty,179.8699951171875,1,31,above chikou
2026-10-01,DOV,Dover Corporation,191.3000030517578,1,31,above chikou
2026-10-01,NFLX,Netflix,67.5,0,31,above chikou
2026-10-01,DASH,DoorDash,191.7700042724609,1,31,above chikou
2026-10-01,UAL,United Airlines Holdings,110.0,1,31,above chikou
2026-10-01,DGX,Quest Diagnostics,232.22000122070312,1,31,above chikou
2026-10-01,SYF,Synchrony Financial,71.87999725341797,1,31,above chikou
2026-10-01,WDC,Western Digital,441.6400146484375,1,31,above chikou
2026-10-01,CEG,Constellation Energy,267.6199951171875,1,32,above chikou
2026-10-01,HOOD,Robinhood Markets,114.11000061035156,1,32,above chikou
2026-10-01,GOOGL,Alphabet Inc. (Class A),346.4700012207031,1,32,above chikou
2026-10-01,AMZN,Amazon,251.3999938964844,1,32,above chikou
2026-10-01,ECL,Ecolab,277.07000732421875,1,32,above chikou
2026-10-01,C,Citigroup,128.5500030517578,1,32,above chikou
2026-10-01,ALLE,Allegion,153.6699981689453,1,32,above chikou
2026-10-01,GOOG,Alphabet Inc. (Class C),343.8299865722656,1,32,above chikou
2026-10-01,MCO,Moody's Corporation,448.1499938964844,0,32,above chikou
2026-10-01,CINF,Cincinnati Financial,162.13999938964844,1,33,above chikou
2026-10-01,DAL,Delta Air Lines,83.08000183105469,1,33,above chikou
2026-10-01,PLTR,Palantir Technologies,189.3999938964844,1,33,above chikou
2026-10-01,BNY,BNY Mellon,143.75,1,33,above chikou
2026-10-01,DVA,DaVita,178.72000122070312,1,33,above chikou
2026-10-01,GRMN,Garmin,285.5199890136719,1,33,above chikou
2026-10-01,GS,Goldman Sachs,893.4600219726562,1,33,above chikou
2026-10-01,J,Jacobs Solutions,138.6699981689453,1,33,above chikou
2026-10-01,TPR,"Tapestry, Inc.",116.9499969482422,1,33,above chikou
2026-10-01,CRWD,CrowdStrike,272.6700134277344,1,33,above chikou
2026-10-01,RTX,RTX Corporation,184.3300018310547,1,34,above chikou
2026-10-01,T,AT&T,24.239999771118164,1,34,above chikou
2026-10-01,EQIX,Equinix,1023.4400024414062,1,34,above chikou
2026-10-01,JPM,JPMorgan Chase,332.3800048828125,1,35,above chikou
2026-10-01,NWSA,News Corp (Class A),28.950000762939453,1,35,above chikou
2026-10-01,YUM,Yum! Brands,136.97000122070312,1,35,above chikou
2026-10-01,HCA,HCA Healthcare,434.9200134277344,1,35,above chikou
2026-10-01,WFC,Wells Fargo,81.44000244140625,1,35,above chikou
2026-10-01,DUK,Duke Energy,113.83999633789062,1,35,above chikou
2026-10-01,EXPD,Expeditors International,194.1199951171875,1,35,above chikou
2026-10-01,META,Meta Platforms,741.9000244140625,1,35,above chikou
2026-10-01,NWS,News Corp (Class B),32.0,1,35,above chikou
2026-10-01,PPL,PPL Corporation,32.95000076293945,1,35,above chikou
2026-10-01,CPAY,Corpay,401.7200012207031,1,35,above chikou
2026-10-01,AXP,American Express,304.0199890136719,1,35,above chikou
2026-10-01,EMR,Emerson Electric,162.3300018310547,1,35,above chikou
2026-10-01,ALL,Allstate,224.7100067138672,1,36,above chikou
2026-10-01,SPG,Simon Property Group,201.3999938964844,1,36,above chikou
2026-10-01,ROST,Ross Stores,226.3699951171875,1,36,above chikou
2026-10-01,V,Visa Inc.,369.7099914550781,1,36,above chikou
2026-10-01,NTAP,NetApp,223.7700042724609,1,36,above chikou
2026-10-01,MU,Micron Technology,1063.9599609375,1,36,above chikou
2026-10-01,FDX,FedEx,289.1300048828125,1,36,above chikou
2026-10-01,WSM,"Williams-Sonoma, Inc.",238.6999969482422,1,36,above chikou
2026-10-01,AMD,Advanced Micro Devices,631.75,1,36,above chikou
2026-10-01,PNW,Pinnacle West Capital,95.95999908447266,1,36,above chikou
2026-10-01,CME,CME Group,270.0299987792969,1,38,above chikou
2026-10-01,TPL,Texas Pacific Land Corporation,344.6700134277344,1,39,above chikou
2026-10-01,MET,MetLife,96.87999725341795,1,39,above chikou
2026-10-01,CMI,Cummins,523.3699951171875,1,40,above chikou
2026-10-01,UNP,Union Pacific Corporation,277.0599975585937,1,40,above chikou
2026-10-01,RCL,Royal Caribbean Group,275.0299987792969,1,41,above chikou
2026-10-01,VRT,Vertiv,253.6199951171875,1,41,above chikou
2026-10-01,EXE,Expand Energy,86.43000030517578,1,43,above chikou
2026-10-01,MA,Mastercard,564.5900268554688,1,46,above chikou
2026-10-01,GILD,Gilead Sciences,144.6300048828125,1,49,above chikou
2026-10-01,GE,GE Aerospace,306.3399963378906,1,53,above chikou
2026-10-01,KMI,Kinder Morgan,31.40999984741211,1,54,above chikou
2026-10-01,ETR,Entergy,100.81999969482422,1,54,above chikou
2026-10-01,TKO,TKO Group Holdings,177.0399932861328,1,55,above chikou
2026-10-01,PSX,Phillips 66,269.7200012207031,1,55,above chikou
2026-10-01,VST,Vistra Corp.,144.88999938964844,1,56,above chikou
2026-10-01,ATO,Atmos Energy,158.0500030517578,1,57,above chikou
2026-10-01,NI,NiSource,39.54999923706055,1,58,above chikou
2026-10-01,LMT,Lockheed Martin,506.6300048828125,0,58,above chikou
2026-10-01,ED,Consolidated Edison,103.37999725341795,1,58,above chikou
2026-10-01,XOM,ExxonMobil,164.0,1,59,above chikou
2026-10-01,OKE,Oneok,88.58000183105469,1,61,above chikou
2026-10-01,BKR,Baker Hughes,57.380001068115234,1,62,above chikou
2026-10-01,RL,Ralph Lauren Corporation,365.5400085449219,1,63,above chikou
2026-10-01,P,Everpure,143.8800048828125,1,63,above chikou
2026-10-01,NRG,NRG Energy,96.8000030517578,1,64,above chikou
2026-10-01,TRGP,Targa Resources,287.3999938964844,1,66,above chikou
2026-10-01,MPC,Marathon Petroleum,433.4700012207031,1,66,above chikou
2026-10-01,L,Loews Corporation,105.66999816894533,1,68,above chikou
2026-10-01,CBOE,Cboe Global Markets,277.4700012207031,1,68,above chikou
2026-10-01,WAB,Wabtec,291.8599853515625,1,68,above chikou
2026-10-01,GD,General Dynamics,331.7200012207031,1,68,above chikou
2026-10-01,HPE,Hewlett Packard Enterprise,68.36000061035156,1,68,above chikou
2026-10-01,MO,Altria,67.87999725341797,1,68,above chikou
2026-10-01,AIG,American International Group,75.12000274658203,1,69,above chikou
2026-10-01,FIX,Comfort Systems USA,1713.0699462890625,1,69,above chikou
2026-10-01,PRU,Prudential Financial,113.4800033569336,0,69,above chikou
2026-10-01,STLD,Steel Dynamics,241.0399932861328,1,69,above chikou
2026-10-01,WMB,Williams Companies,70.80999755859375,1,69,above chikou
2026-10-01,IBM,IBM,221.5800018310547,1,70,above chikou
2026-10-01,SNA,Snap-on,367.3999938964844,1,70,above chikou
2026-10-01,AFL,Aflac,112.37999725341795,1,70,above chikou
2026-10-01,IRM,Iron Mountain,112.33000183105467,1,71,above chikou
2026-10-01,HIG,Hartford (The),126.20999908447266,1,71,above chikou
2026-10-01,IBKR,Interactive Brokers,89.05000305175781,1,71,above chikou
2026-10-01,ANET,Arista Networks,206.8999938964844,1,71,above chikou
2026-10-01,DRI,Darden Restaurants,199.72000122070312,1,71,above chikou
2026-10-01,RJF,Raymond James Financial,160.8000030517578,1,71,above chikou
2026-10-01,MAR,Marriott International,355.8900146484375,1,71,above chikou
2026-10-01,BKNG,Booking Holdings,158.3300018310547,1,72,above chikou
2026-10-01,FLEX,Flex Ltd.,116.76000213623048,1,72,above chikou
2026-10-01,CAH,Cardinal Health,233.1199951171875,1,72,above chikou
2026-10-01,CB,Chubb Limited,330.489990234375,1,72,above chikou
2026-10-01,EME,Emcor,779.2000122070312,1,72,above chikou
2026-10-01,WELL,Welltower,224.16000366210932,1,72,above chikou
2026-10-01,TRV,Travelers Companies (The),360.7000122070313,1,72,above chikou
2026-10-01,PKG,Packaging Corporation of America,229.3099975585937,1,74,above chikou
2026-10-01,VMC,Vulcan Materials Company,245.57000732421875,0,74,above chikou
2026-10-01,CAT,Caterpillar Inc.,848.1400146484375,1,74,above chikou
2026-10-01,URI,United Rentals,1074.280029296875,1,75,above chikou
2026-10-01,HLT,Hilton Worldwide,316.1199951171875,1,75,above chikou
2026-10-01,BRK-B,Berkshire Hathaway,504.260009765625,1,75,above chikou
2026-10-01,HWM,Howmet Aerospace,229.57000732421875,1,76,above chikou
2026-10-01,PM,Philip Morris International,189.52999877929688,1,76,above chikou
2026-10-01,ACGL,Arch Capital Group,94.36000061035156,0,76,above chikou
2026-10-01,DE,Deere & Company,682.2000122070312,1,77,above chikou
2026-10-01,AMP,Ameriprise Financial,494.9400024414063,1,77,above chikou
2026-10-01,AMAT,Applied Materials,542.280029296875,1,77,above chikou
2026-10-01,HUBB,Hubbell Incorporated,480.6499938964844,1,77,above chikou
2026-10-01,ABBV,AbbVie,265.760009765625,1,77,above chikou
2026-10-01,CRH,CRH plc,82.6500015258789,0,77,above chikou
2026-10-01,ITW,Illinois Tool Works,264.19000244140625,1,78,above chikou
2026-10-01,FERG,Ferguson Enterprises,222.92999267578125,1,78,above chikou
2026-10-01,MCK,McKesson Corporation,915.4500122070312,1,78,above chikou
2026-10-01,APH,Amphenol,87.2699966430664,1,78,above chikou
2026-10-01,MNST,Monster Beverage,43.5099983215332,1,78,above chikou
2026-10-01,PWR,Quanta Services,683.4199829101562,1,78,above chikou
2026-10-01,PH,Parker Hannifin,975.6799926757812,1,78,above chikou
2026-10-01,JBL,Jabil,300.94000244140625,1,79,above chikou
2026-10-01,DELL,Dell Technologies,552.2899780273438,1,79,above chikou
2026-10-01,PCAR,Paccar,109.36000061035156,1,79,above chikou
2026-10-01,COR,Cencora,314.92999267578125,1,84,above chikou
2026-10-01,SO,Southern Company,83.79000091552734,0,94,above chikou
2026-10-01,CASY,Casey's,617.3300170898438,1,95,above chikou
2026-10-01,ORLY,O'Reilly Automotive,83.9000015258789,1,100,above chikou
2026-10-01,LLY,Lilly (Eli),1143.1199951171875,1,103,above chikou
2026-10-01,PANW,Palo Alto Networks,406.760009765625,1,104,above chikou
2026-10-01,AXON,Axon Enterprise,411.80999755859375,1,108,above chikou
2026-10-01,GWW,W. W. Grainger,1286.8399658203125,1,108,above chikou
2026-10-01,VRTX,Vertex Pharmaceuticals,503.5,0,112,above chikou
2026-10-01,WMT,Walmart,105.06999969482422,1,112,above chikou
2026-10-01,LIN,Linde plc,482.3800048828125,1,115,above chikou
2026-10-01,AME,Ametek,251.9199981689453,1,117,above chikou
2026-10-01,APO,Apollo Global Management,115.3499984741211,0,117,above chikou
2026-10-01,FAST,Fastenal,50.68999862670898,1,120,above chikou
2026-10-01,ETN,Eaton Corporation,432.6000061035156,1,120,above chikou
2026-10-01,NVDA,Nvidia,238.8999938964844,1,157,above chikou
2026-10-01,ORCL,Oracle Corporation,142.47999572753906,1,157,above chikou
2026-10-01,LRCX,Lam Research,345.79998779296875,1,158,above chikou
2026-10-01,RSG,Republic Services,212.8300018310547,1,166,above chikou
2026-10-01,MPWR,Monolithic Power Systems,1479.8900146484375,1,171,above chikou
2026-10-01,AMGN,Amgen,402.9800109863281,1,179,above chikou
2026-10-01,AVGO,Broadcom,362.510009765625,1,181,above chikou
2026-10-01,COST,Costco,923.52001953125,1,191,above chikou
2026-10-01,MSI,Motorola Solutions,455.3699951171875,1,191,above chikou
2026-10-01,CTAS,Cintas,195.3999938964844,0,191,above chikou
2026-10-01,TT,Trane Technologies,470.760009765625,1,192,above chikou
2026-10-01,KLAC,KLA Corporation,206.8500061035156,1,192,above chikou
2026-10-01,CDNS,Cadence Design Systems,353.4800109863281,1,193,above chikou
2026-10-01,WM,Waste Management,206.66000366210932,1,194,above chikou
2026-10-01,WRB,W. R. Berkley Corporation,69.7699966430664,1,194,above chikou
2026-10-01,ADI,Analog Devices,419.1000061035156,1,194,above chikou
2026-10-01,KO,Coca-Cola Company (The),86.51000213623047,1,195,above chikou
2026-10-01,PGR,Progressive Corporation,212.6199951171875,0,199,above chikou
2026-10-01,TJX,TJX Companies,134.41000366210938,1,210,above chikou
2026-10-01,AAPL,Apple Inc.,332.8900146484375,1,277,above chikou
